,post_id,text,post_text,shared_text,time,image,video,video_thumbnail,video_id,likes,comments,shares,post_url,link,user_id,username,is_live,factcheck,shared_post_id,shared_time,shared_user_id,shared_username,shared_post_url,available,images,reactions,w3_fb_url,fetched_time
0,10154738578268566,"Que se den cuenta por fin de que Uribe no tiene la menor intención de contribuir a la paz por la sencilla razón de que no quiere que haya paz en Colombia.

http://www.semana.com/opinion/articulo/antonio-caballero-uribe-no-tiene-la-menor-intencion-de-contribuir-a-la-paz/502497

WWW.SEMANA.COM
Marear la paloma","Que se den cuenta por fin de que Uribe no tiene la menor intención de contribuir a la paz por la sencilla razón de que no quiere que haya paz en Colombia.

http://www.semana.com/opinion/articulo/antonio-caballero-uribe-no-tiene-la-menor-intencion-de-contribuir-a-la-paz/502497","WWW.SEMANA.COM
Marear la paloma",2016-11-03 13:53:46,,,,,55,7,0,https://facebook.com/Antonio-Caballero-58050573565/posts/10154738578268566,http://www.semana.com/opinion/articulo/antonio-caballero-uribe-no-tiene-la-menor-intencion-de-contribuir-a-la-paz/502497,58050573565,Antonio Caballero,False,,,,,,,True,[],void_error,void_error,void_error
1,10154738566773566,,,,2016-11-03 13:49:04,,,,,22,7,0,https://facebook.com/Antonio-Caballero-58050573565/posts/10154738566773566,,58050573565,Antonio Caballero,False,,,,,,,True,[],void_error,void_error,void_error
2,154923011265596,"http://www.semana.com/opinion/reeleccion-santos/164292-3.aspx

SEMANA.COM
La reelección de Santos",http://www.semana.com/opinion/reeleccion-santos/164292-3.aspx,"SEMANA.COM
La reelección de Santos",2011-09-23 19:20:12,,,,,23,2,0,https://facebook.com/Antonio-Caballero-58050573565/posts/154923011265596,http://www.semana.com/opinion/reeleccion-santos/164292-3.aspx,58050573565,Antonio Caballero,False,,,,,,,True,[],void_error,void_error,void_error
3,90956733919,"http://www.elespectador.com/impreso/politica/articuloimpreso145727-esencia-de-democracia-alternacion-el-poder

ELESPECTADOR.COM
“La esencia de la democracia es la alternación en el poder” | ELESPECTADOR.COM",http://www.elespectador.com/impreso/politica/articuloimpreso145727-esencia-de-democracia-alternacion-el-poder,"ELESPECTADOR.COM
“La esencia de la democracia es la alternación en el poder” | ELESPECTADOR.COM",2009-06-14 16:56:23,,,,,23,6,0,https://facebook.com/Antonio-Caballero-58050573565/posts/90956733919,http://www.elespectador.com/impreso/politica/articuloimpreso145727-esencia-de-democracia-alternacion-el-poder,58050573565,Antonio Caballero,False,,,,,,,True,[],void_error,void_error,void_error
4,117040801415,"http://www.semana.com/noticias-opinion/vueltas-da-vida/124802.aspx

SEMANA.COM
Vueltas que da la vida, Articulo Impreso",http://www.semana.com/noticias-opinion/vueltas-da-vida/124802.aspx,"SEMANA.COM
Vueltas que da la vida, Articulo Impreso",2009-06-10 07:32:27,,,,,8,4,0,https://facebook.com/Antonio-Caballero-58050573565/posts/117040801415,http://www.semana.com/noticias-opinion/vueltas-da-vida/124802.aspx,58050573565,Antonio Caballero,False,,,,,,,True,[],void_error,void_error,void_error
5,58053128565,"Antonio Caballero agregó 4 fotos nuevas.
16 de marzo de 2009 a las 05:37 ·",,"Antonio Caballero agregó 4 fotos nuevas.
16 de marzo de 2009 a las 05:37 ·",2009-03-16 00:37:36,,,,,20,7,0,https://facebook.com/Antonio-Caballero-58050573565/posts/58053128565,,,Antonio Caballero,False,,,,,,,True,[],void_error,void_error,void_error
