,post_id,text,post_text,shared_text,time,image,video,video_thumbnail,video_id,likes,comments,shares,post_url,link,user_id,username,is_live,factcheck,shared_post_id,shared_time,shared_user_id,shared_username,shared_post_url,available,images,reactions,w3_fb_url,fetched_time
0,546395668729140,"Senador Lozano pide respeto para los héroes caídos

http://www.youtube.com/watch?v=7k9YbRqVt6A

YOUTUBE.COM
Senador Lozano pide respeto para los héroes caídos","Senador Lozano pide respeto para los héroes caídos

http://www.youtube.com/watch?v=7k9YbRqVt6A","YOUTUBE.COM
Senador Lozano pide respeto para los héroes caídos",2013-08-28 11:24:27,,,,,237,309,0,https://facebook.com/PrensaJuanLozano/posts/546395668729140,https://www.youtube.com/watch?v=7k9YbRqVt6A,208037302564980,Juan Lozano Ramírez,False,,,,,,,True,[],void_error,void_error,void_error
1,424173174284724,,,,2012-09-20 09:43:06,,,,,146,171,0,https://facebook.com/PrensaJuanLozano/posts/424173174284724,,208037302564980,Juan Lozano Ramírez,False,,,,,,,True,[],void_error,void_error,void_error
2,411742005527841,Senador Lozano insistirá en voto por magistrado de Corte sea nominal y público. Ayuda a la transparencia y a la responsabilidad política.,Senador Lozano insistirá en voto por magistrado de Corte sea nominal y público. Ayuda a la transparencia y a la responsabilidad política.,,2012-08-09 16:55:28,,,,,123,69,0,https://facebook.com/PrensaJuanLozano/posts/411742005527841,,208037302564980,Juan Lozano Ramírez,False,,,,,,,True,[],void_error,void_error,void_error
3,391499347552107,,,,2012-06-14 18:41:00,,,,,70,41,0,https://facebook.com/PrensaJuanLozano/posts/391499347552107,,208037302564980,Juan Lozano Ramírez,False,,,,,,,True,[],void_error,void_error,void_error
4,390898834278825,,,,2012-06-13 14:18:45,,,,,115,23,0,https://facebook.com/PrensaJuanLozano/posts/390898834278825,,208037302564980,Juan Lozano Ramírez,False,,,,,,,True,[],void_error,void_error,void_error
5,387758077926234,,,,2012-06-06 18:05:11,,,,,51,24,0,https://facebook.com/PrensaJuanLozano/posts/387758077926234,,208037302564980,Juan Lozano Ramírez,False,,,,,,,True,[],void_error,void_error,void_error
6,387666717935370,,,,2012-06-06 14:09:18,,,,,31,3,0,https://facebook.com/PrensaJuanLozano/posts/387666717935370,,208037302564980,Juan Lozano Ramírez,False,,,,,,,True,[],void_error,void_error,void_error
7,387661897935852,,,,2012-06-06 13:56:35,,,,,27,9,0,https://facebook.com/PrensaJuanLozano/posts/387661897935852,,208037302564980,Juan Lozano Ramírez,False,,,,,,,True,[],void_error,void_error,void_error
8,384376918264350,"SENADO APROBO PROYECTO QUE PERMITE RETORNO DE COLOMBIANOS RESIDENTES EN EL EXTERIOR



La plenaria de Senado aprobó el proyecto de ley que beneficiará a los colombianos residentes en el exterior, cuando deseen retornar a la Patria, así lo manifestó el Senador Juan Lozano, ponente del proyecto.



“Es un proyecto sobre el regreso de nuestrosMás compatriotas que están en el exterior, que por distintas razones han tenido que dejar a su país y que quieren reencontrarse con sus familiares, con su sangre, con sus raíces”, señaló.



El Senador explicó que contempla las distintas modalidades de retorno: “el retorno laboral, el retorno humanitario, un retorno solidario” y unos beneficios para quienes deseen regresar para que “puedan traer su menaje y sus implementos básicos de trabajo. Es un proyecto de hondo contenido social que busca permitir que ese corazón de colombianos se exprese regresando a su país”, puntualizó.","SENADO APROBO PROYECTO QUE PERMITE RETORNO DE COLOMBIANOS RESIDENTES EN EL EXTERIOR



La plenaria de Senado aprobó el proyecto de ley que beneficiará a los colombianos residentes en el exterior, cuando deseen retornar a la Patria, así lo manifestó el Senador Juan Lozano, ponente del proyecto.



“Es un proyecto sobre el regreso de nuestrosMás compatriotas que están en el exterior, que por distintas razones han tenido que dejar a su país y que quieren reencontrarse con sus familiares, con su sangre, con sus raíces”, señaló.



El Senador explicó que contempla las distintas modalidades de retorno: “el retorno laboral, el retorno humanitario, un retorno solidario” y unos beneficios para quienes deseen regresar para que “puedan traer su menaje y sus implementos básicos de trabajo. Es un proyecto de hondo contenido social que busca permitir que ese corazón de colombianos se exprese regresando a su país”, puntualizó.",,2012-05-31 09:37:05,,,,,29,6,0,https://facebook.com/PrensaJuanLozano/posts/384376918264350,,208037302564980,Juan Lozano Ramírez,False,,,,,,,True,[],void_error,void_error,void_error
9,384339088268133,,,,2012-05-31 07:49:35,,,,,25,2,0,https://facebook.com/PrensaJuanLozano/posts/384339088268133,,208037302564980,Juan Lozano Ramírez,False,,,,,,,True,[],void_error,void_error,void_error
10,384124478289594,,,,2012-05-30 20:01:16,,,,,24,0,0,https://facebook.com/PrensaJuanLozano/posts/384124478289594,,208037302564980,Juan Lozano Ramírez,False,,,,,,,True,[],void_error,void_error,void_error
11,384093218292720,,,,2012-05-30 18:42:56,,,,,10,5,0,https://facebook.com/PrensaJuanLozano/posts/384093218292720,,208037302564980,Juan Lozano Ramírez,False,,,,,,,True,[],void_error,void_error,void_error
12,384058904962818,,,,2012-05-30 17:13:07,,,,,47,14,0,https://facebook.com/PrensaJuanLozano/posts/384058904962818,,208037302564980,Juan Lozano Ramírez,False,,,,,,,True,[],void_error,void_error,void_error
13,381430468558995,,,,2012-05-25 16:44:11,,,,,123,55,0,https://facebook.com/PrensaJuanLozano/posts/381430468558995,,208037302564980,Juan Lozano Ramírez,False,,,,,,,True,[],void_error,void_error,void_error
14,381324321902943,,,,2012-05-25 12:47:11,,,,,83,30,0,https://facebook.com/PrensaJuanLozano/posts/381324321902943,,208037302564980,Juan Lozano Ramírez,False,,,,,,,True,[],void_error,void_error,void_error
15,380903221945053,"El Senador Juan Lozano Ramírez, en calidad de Presidente de la Comisión Accidental para la Fuerza Pública, invita a la sesión del viernes 25 de mayo de 2012 a las 8:30 de la mañana en el Auditorio 'Luis Guillermo Vélez'. La sesión será transmitida en directo por el Canal Institucional y por el Canal del Congreso de la República.

La ComisiónMás adelantará control político al cumplimiento del artículo 272 del Plan Nacional de Desarrollo 2010 - 2014, el cual obliga al Gobierno Nacional a buscar una solución entorno a las reclamaciones salariales y prestacionales.","El Senador Juan Lozano Ramírez, en calidad de Presidente de la Comisión Accidental para la Fuerza Pública, invita a la sesión del viernes 25 de mayo de 2012 a las 8:30 de la mañana en el Auditorio 'Luis Guillermo Vélez'. La sesión será transmitida en directo por el Canal Institucional y por el Canal del Congreso de la República.

La ComisiónMás adelantará control político al cumplimiento del artículo 272 del Plan Nacional de Desarrollo 2010 - 2014, el cual obliga al Gobierno Nacional a buscar una solución entorno a las reclamaciones salariales y prestacionales.",,2012-05-24 15:42:44,,,,,58,26,0,https://facebook.com/PrensaJuanLozano/posts/380903221945053,,208037302564980,Juan Lozano Ramírez,False,,,,,,,True,[],void_error,void_error,void_error
16,380356251999750,,,,2012-05-23 14:00:04,,,,,21,9,0,https://facebook.com/PrensaJuanLozano/posts/380356251999750,,208037302564980,Juan Lozano Ramírez,False,,,,,,,True,[],void_error,void_error,void_error
17,379933825375326,"A sanción presidencial proyecto de ley de Familias en Acción. Iniciativa del senador Juan Lozano, que formaliza el programa convirtiéndolo en política de Estado para garantizarles a los niños menores de 18 años los subsidios de nutrición y educación.","A sanción presidencial proyecto de ley de Familias en Acción. Iniciativa del senador Juan Lozano, que formaliza el programa convirtiéndolo en política de Estado para garantizarles a los niños menores de 18 años los subsidios de nutrición y educación.",,2012-05-22 17:34:15,,,,,35,6,0,https://facebook.com/PrensaJuanLozano/posts/379933825375326,,208037302564980,Juan Lozano Ramírez,False,,,,,,,True,[],void_error,void_error,void_error
18,379790728722969,,,,2012-05-22 12:20:27,,,,,60,23,0,https://facebook.com/PrensaJuanLozano/posts/379790728722969,,208037302564980,Juan Lozano Ramírez,False,,,,,,,True,[],void_error,void_error,void_error
19,370289716339737,,,,2012-05-04 14:58:55,,,,,34,19,0,https://facebook.com/PrensaJuanLozano/posts/370289716339737,,208037302564980,Juan Lozano Ramírez,False,,,,,,,True,[],void_error,void_error,void_error
20,363217117046997,,,,2012-04-24 18:53:07,,,,,86,98,0,https://facebook.com/PrensaJuanLozano/posts/363217117046997,,208037302564980,Juan Lozano Ramírez,False,,,,,,,True,[],void_error,void_error,void_error
21,363155793719796,,,,2012-04-24 17:24:26,,,,,14,6,0,https://facebook.com/PrensaJuanLozano/posts/363155793719796,,208037302564980,Juan Lozano Ramírez,False,,,,,,,True,[],void_error,void_error,void_error
22,362950853740290,,,,2012-04-24 10:49:42,,,,,14,18,0,https://facebook.com/PrensaJuanLozano/posts/362950853740290,,208037302564980,Juan Lozano Ramírez,False,,,,,,,True,[],void_error,void_error,void_error
23,360628417305867,,,,2012-04-20 06:46:35,,,,,21,8,0,https://facebook.com/PrensaJuanLozano/posts/360628417305867,,208037302564980,Juan Lozano Ramírez,False,,,,,,,True,[],void_error,void_error,void_error
24,359142614121114,,,,2012-04-17 16:09:43,,,,,13,4,0,https://facebook.com/PrensaJuanLozano/posts/359142614121114,,208037302564980,Juan Lozano Ramírez,False,,,,,,,True,[],void_error,void_error,void_error
25,354344827934226,,,,2012-04-11 18:26:04,,,,,37,26,0,https://facebook.com/PrensaJuanLozano/posts/354344827934226,,208037302564980,Juan Lozano Ramírez,False,,,,,,,True,[],void_error,void_error,void_error
26,353652654670110,,,,2012-04-10 13:51:42,,,,,11,46,0,https://facebook.com/PrensaJuanLozano/posts/353652654670110,,208037302564980,Juan Lozano Ramírez,False,,,,,,,True,[],void_error,void_error,void_error
27,343812222320820,,,,2012-03-22 20:18:25,,,,,28,30,0,https://facebook.com/PrensaJuanLozano/posts/343812222320820,,208037302564980,Juan Lozano Ramírez,False,,,,,,,True,[],void_error,void_error,void_error
28,288520944516615,'No le veo futuro a la reunificación liberal': Juan Lozano http://m.eltiempo.com/politica/no-le-veo-futuro-a-la-reunificacion-liberal-juan-lozano/10911945/1/home,'No le veo futuro a la reunificación liberal': Juan Lozano http://m.eltiempo.com/politica/no-le-veo-futuro-a-la-reunificacion-liberal-juan-lozano/10911945/1/home,,2011-12-13 07:00:55,,,,,29,51,0,https://facebook.com/PrensaJuanLozano/posts/288520944516615,http://m.eltiempo.com/politica/no-le-veo-futuro-a-la-reunificacion-liberal-juan-lozano/10911945/1/home,208037302564980,Juan Lozano Ramírez,False,,,,,,,True,[],void_error,void_error,void_error
29,285235798178463,"A sanción presidencial pasó el proyecto de ley que crea el Empleo de Emergencia para los damnificados y afectados en zonas declaradas en emergencia económica, social y ecológica o en situación de desastre o calamidad pública. Iniciativa del Senador Juan Lozano.","A sanción presidencial pasó el proyecto de ley que crea el Empleo de Emergencia para los damnificados y afectados en zonas declaradas en emergencia económica, social y ecológica o en situación de desastre o calamidad pública. Iniciativa del Senador Juan Lozano.",,2011-12-07 15:48:18,,,,,24,10,0,https://facebook.com/PrensaJuanLozano/posts/285235798178463,,208037302564980,Juan Lozano Ramírez,False,,,,,,,True,[],void_error,void_error,void_error
30,277938158908227,,,,2011-11-23 10:47:16,,,,,7,11,0,https://facebook.com/PrensaJuanLozano/posts/277938158908227,,208037302564980,Juan Lozano Ramírez,False,,,,,,,True,[],void_error,void_error,void_error
31,271395139562529,,,,2011-11-10 08:47:34,,,,,19,18,0,https://facebook.com/PrensaJuanLozano/posts/271395139562529,,208037302564980,Juan Lozano Ramírez,False,,,,,,,True,[],void_error,void_error,void_error
32,269347479767295,,,,2011-11-05 11:55:41,,,,,26,23,0,https://facebook.com/PrensaJuanLozano/posts/269347479767295,,208037302564980,Juan Lozano Ramírez,False,,,,,,,True,[],void_error,void_error,void_error
33,267246159977427,,,,2011-10-31 09:02:30,,,,,21,15,0,https://facebook.com/PrensaJuanLozano/posts/267246159977427,,208037302564980,Juan Lozano Ramírez,False,,,,,,,True,[],void_error,void_error,void_error
34,267200613315315,La U primera fuerza en Colombia http://bit.ly/us77Ki,La U primera fuerza en Colombia http://bit.ly/us77Ki,,2011-10-31 06:13:32,,,,,20,7,0,https://facebook.com/PrensaJuanLozano/posts/267200613315315,https://bit.ly/us77Ki,208037302564980,Juan Lozano Ramírez,False,,,,,,,True,[],void_error,void_error,void_error
35,259228020779241,"Esta bonificación sería para los miembros de mayor exposición y mayor necesidad que son nuestros patrulleros, que son nuestros policías de la calle, que son nuestros soldados profesionales, ellos son los héroes de este país.","Esta bonificación sería para los miembros de mayor exposición y mayor necesidad que son nuestros patrulleros, que son nuestros policías de la calle, que son nuestros soldados profesionales, ellos son los héroes de este país.",,2011-10-11 21:21:30,,,,,85,109,0,https://facebook.com/PrensaJuanLozano/posts/259228020779241,,208037302564980,Juan Lozano Ramírez,False,,,,,,,True,[],void_error,void_error,void_error
36,259188604116516,Senador Juan Lozano pide bonificación para la Fuerza Pública en el Presupuesto General de la Nación del próximo año.,Senador Juan Lozano pide bonificación para la Fuerza Pública en el Presupuesto General de la Nación del próximo año.,,2011-10-11 19:21:55,,,,,71,20,0,https://facebook.com/PrensaJuanLozano/posts/259188604116516,,208037302564980,Juan Lozano Ramírez,False,,,,,,,True,[],void_error,void_error,void_error
37,186462668097756,"“Es una condición excepcional que permite la vinculación de mano de obra para realizar y ejecutar actividades de rehabilitación y construcción de viviendas e infraestructura, mejorar áreas públicas que seMás requieran para la recuperación de las zonas afectadas por desastres ocasionados por cualquier fenómeno natural que afecte el orden económico, ecológico y social del país”, afirmó Lozano Ramírez.

JUANLOZANO.COM.CO
Comisión Séptima de Cámara aprobó en tercer debate Proyecto de Empleo de Emergencia, iniciativa del.","“Es una condición excepcional que permite la vinculación de mano de obra para realizar y ejecutar actividades de rehabilitación y construcción de viviendas e infraestructura, mejorar áreas públicas que seMás requieran para la recuperación de las zonas afectadas por desastres ocasionados por cualquier fenómeno natural que afecte el orden económico, ecológico y social del país”, afirmó Lozano Ramírez.","JUANLOZANO.COM.CO
Comisión Séptima de Cámara aprobó en tercer debate Proyecto de Empleo de Emergencia, iniciativa del.",2011-10-11 18:03:20,,,,,7,3,0,https://facebook.com/PrensaJuanLozano/posts/186462668097756,http://www.juanlozano.com.co/index.php?option=com_content&view=article&id=493%3Acomision-septima-de-camara-aprobo-en-tercer-debate-proyecto-de-empleo-de-emergencia-iniciativa-del-senador-lozano-&catid=110%3Aoctubre,208037302564980,Juan Lozano Ramírez,False,,,,,,,True,[],void_error,void_error,void_error
38,186189201458875,"ELTIEMPO.COM
Aumento de salarios a la Fuerza Pública en Colombia - eltiempo.com",,"ELTIEMPO.COM
Aumento de salarios a la Fuerza Pública en Colombia - eltiempo.com",2011-10-11 17:59:45,,,,,26,13,0,https://facebook.com/PrensaJuanLozano/posts/186189201458875,http://www.eltiempo.com/politica/aumento-de-salarios-a-la-fuerza-publica-en-colo_10541745-4,208037302564980,Juan Lozano Ramírez,False,,,,,,,True,[],void_error,void_error,void_error
39,256333391068704,,,,2011-10-04 20:36:18,,,,,136,217,0,https://facebook.com/PrensaJuanLozano/posts/256333391068704,,208037302564980,Juan Lozano Ramírez,False,,,,,,,True,[],void_error,void_error,void_error
40,249415498427160,,,,2011-09-18 11:22:20,,,,,10,19,0,https://facebook.com/PrensaJuanLozano/posts/249415498427160,,208037302564980,Juan Lozano Ramírez,False,,,,,,,True,[],void_error,void_error,void_error
41,247928528575857,"El Cambio Climático es una realidad que todos debemos conocer y solucionar. Únete al Climate Reality Project, una iniciativa global promovida por Al Gore. Hoy será su lanzamiento con la participación del Senador Juan Lozano a las 6:00 p.m. en http://theclimateproject.org/presentation/7337","El Cambio Climático es una realidad que todos debemos conocer y solucionar. Únete al Climate Reality Project, una iniciativa global promovida por Al Gore. Hoy será su lanzamiento con la participación del Senador Juan Lozano a las 6:00 p.m. en http://theclimateproject.org/presentation/7337",,2011-09-14 16:52:25,,,,,23,5,0,https://facebook.com/PrensaJuanLozano/posts/247928528575857,http://theclimateproject.org/presentation/7337,208037302564980,Juan Lozano Ramírez,False,,,,,,,True,[],void_error,void_error,void_error
42,247749475260429,,,,2011-09-14 08:40:11,,,,,53,28,0,https://facebook.com/PrensaJuanLozano/posts/247749475260429,,208037302564980,Juan Lozano Ramírez,False,,,,,,,True,[],void_error,void_error,void_error
43,241833782518665,,,,2011-08-31 18:46:40,,,,,13,11,0,https://facebook.com/PrensaJuanLozano/posts/241833782518665,,208037302564980,Juan Lozano Ramírez,False,,,,,,,True,[],void_error,void_error,void_error
44,241643235871053,,,,2011-08-31 10:42:08,,,,,16,2,0,https://facebook.com/PrensaJuanLozano/posts/241643235871053,,208037302564980,Juan Lozano Ramírez,False,,,,,,,True,[],void_error,void_error,void_error
45,186067851463332,"TWITTERCOLOMBIA.NET
Usuario JLozanoPrensa - Twitter Colombia",,"TWITTERCOLOMBIA.NET
Usuario JLozanoPrensa - Twitter Colombia",2011-08-27 12:07:46,,,,,5,6,0,https://facebook.com/PrensaJuanLozano/posts/186067851463332,http://www.twittercolombia.net/usuario/JLozanoPrensa,208037302564980,Juan Lozano Ramírez,False,,,,,,,True,[],void_error,void_error,void_error
46,239070956128281,,,,2011-08-25 18:32:20,,,,,23,39,0,https://facebook.com/PrensaJuanLozano/posts/239070956128281,,208037302564980,Juan Lozano Ramírez,False,,,,,,,True,[],void_error,void_error,void_error
47,115644351869039,"Senador Juan Lozano adelantó debate para que el Estado les pague a los miembros de la Fuerza Pública lo que se les debe

JUANLOZANO.COM.CO
Senador Juan Lozano adelantó debate para que el Estado les pague a los miembros de la Fuerza Pública",Senador Juan Lozano adelantó debate para que el Estado les pague a los miembros de la Fuerza Pública lo que se les debe,"JUANLOZANO.COM.CO
Senador Juan Lozano adelantó debate para que el Estado les pague a los miembros de la Fuerza Pública",2011-08-25 18:08:22,,,,,21,6,0,https://facebook.com/PrensaJuanLozano/posts/115644351869039,http://www.juanlozano.com.co/index.php?option=com_content&view=article&id=480%3Asenador-juan-lozano-adelanto-debate-para-que-el-estado-les-pague-a-los-miembros-de-la-fuerza-publica-lo-que-se-les-debe-&catid=108%3Aagosto,208037302564980,Juan Lozano Ramírez,False,,,,,,,True,[],void_error,void_error,void_error
48,238836129485097,"Siga el debate por la situación salarial y
pensional de nuestros policías y soldados activos y en retiro por el Canal
Institucional.","Siga el debate por la situación salarial y
pensional de nuestros policías y soldados activos y en retiro por el Canal
Institucional.",,2011-08-25 08:45:50,,,,,41,20,0,https://facebook.com/PrensaJuanLozano/posts/238836129485097,,208037302564980,Juan Lozano Ramírez,False,,,,,,,True,[],void_error,void_error,void_error
49,221623234554280,"Para Colombia tiene que ser prioridad permitir que los jóvenes terminen su bachillerato y vayan a la universidad

JUANLOZANO.COM.CO
“Para Colombia tiene que ser prioridad permitir que los jóvenes terminen su bachillerato y vayan a l",Para Colombia tiene que ser prioridad permitir que los jóvenes terminen su bachillerato y vayan a la universidad,"JUANLOZANO.COM.CO
“Para Colombia tiene que ser prioridad permitir que los jóvenes terminen su bachillerato y vayan a l",2011-08-24 11:25:11,,,,,15,11,0,https://facebook.com/PrensaJuanLozano/posts/221623234554280,http://www.juanlozano.com.co/index.php?option=com_content&view=article&id=478%3Apara-colombia-tiene-que-ser-prioridad-permitir-que-los-jovenes-terminen-su-bachillerato-y-vayan-a-la-universidad&catid=108%3Aagosto,208037302564980,Juan Lozano Ramírez,False,,,,,,,True,[],void_error,void_error,void_error
50,267926439885403,"Campaña se va adelantar con fuentes limpias de financiación, exigencia que el Partido de la U ha hecho a sus avalados

JUANLOZANO.COM.CO
Campaña se va adelantar con fuentes limpias de financiación, exigencia que el Partido de la U ha hec","Campaña se va adelantar con fuentes limpias de financiación, exigencia que el Partido de la U ha hecho a sus avalados","JUANLOZANO.COM.CO
Campaña se va adelantar con fuentes limpias de financiación, exigencia que el Partido de la U ha hec",2011-08-23 18:54:32,,,,,14,0,0,https://facebook.com/PrensaJuanLozano/posts/267926439885403,http://www.juanlozano.com.co/index.php?option=com_content&view=article&id=477%3Acampana-se-va-adelantar-con-fuentes-limpias-de-financiacion-exigencia-que-el-partido-de-la-u-ha-hecho-a-sus-avalados-&catid=108%3Aagosto,208037302564980,Juan Lozano Ramírez,False,,,,,,,True,[],void_error,void_error,void_error
51,226207367414640,"En la nueva legislatura ya radicamos 5
proyectos de ley http://bit.ly/oPQ5pO","En la nueva legislatura ya radicamos 5
proyectos de ley http://bit.ly/oPQ5pO",,2011-07-28 18:39:16,,,,,13,58,0,https://facebook.com/PrensaJuanLozano/posts/226207367414640,https://bit.ly/oPQ5pO,208037302564980,Juan Lozano Ramírez,False,,,,,,,True,[],void_error,void_error,void_error
52,136704409745386,"Partido de la U negó 200 avales a candidatos de todo el país y vienen más en los próximos días http://bit.ly/qPOd7A

JUANLOZANO.COM.CO
Partido de La U negó 200 avales a candidatos de todo el país",Partido de la U negó 200 avales a candidatos de todo el país y vienen más en los próximos días http://bit.ly/qPOd7A,"JUANLOZANO.COM.CO
Partido de La U negó 200 avales a candidatos de todo el país",2011-07-14 15:30:01,,,,,15,2,0,https://facebook.com/PrensaJuanLozano/posts/136704409745386,https://bit.ly/qPOd7A,208037302564980,Juan Lozano Ramírez,False,,,,,,,True,[],void_error,void_error,void_error
53,216258048409572,"¿QUÉ INCENTIVOS OFRECE?
Los hogares de escasos recursos podrán obtener una solución de vivienda, sin exigencia del ahorro programado ni del cierre financiero. Sólo bastará con el subsidio familiar de vivienda.
La Ley ofrece estímulos en materia de impuestos tanto para los hogares que quieran adquirir vivienda como para los constructores.","¿QUÉ INCENTIVOS OFRECE?
Los hogares de escasos recursos podrán obtener una solución de vivienda, sin exigencia del ahorro programado ni del cierre financiero. Sólo bastará con el subsidio familiar de vivienda.
La Ley ofrece estímulos en materia de impuestos tanto para los hogares que quieran adquirir vivienda como para los constructores.",,2011-07-06 13:26:52,,,,,14,6,0,https://facebook.com/PrensaJuanLozano/posts/216258048409572,,208037302564980,Juan Lozano Ramírez,False,,,,,,,True,[],void_error,void_error,void_error
54,216257615076282,"¿QUÉ BUSCA ESTA LEY?
Reducir la falta de vivienda en el país y disminuir los tiempos de formulación y ejecución de proyectos vivienda de interés social, comparativamente con los proyectos tradicionales.
Estimular la economía territorial para la generación de empleo en el sector de la construcción.","¿QUÉ BUSCA ESTA LEY?
Reducir la falta de vivienda en el país y disminuir los tiempos de formulación y ejecución de proyectos vivienda de interés social, comparativamente con los proyectos tradicionales.
Estimular la economía territorial para la generación de empleo en el sector de la construcción.",,2011-07-06 13:25:56,,,,,7,0,0,https://facebook.com/PrensaJuanLozano/posts/216257615076282,,208037302564980,Juan Lozano Ramírez,False,,,,,,,True,[],void_error,void_error,void_error
55,216251361743574,"ABC DE LA LEY DE DISPONIBILIDAD DE SUELO URBANIZABLE
¿QUIÉNES SE BENEFICIAN CON ESTA LEY?
Todos los colombianos de escasos recursos, población informal y desplazada en condiciones de pobreza que no tengan vivienda digna propia.","ABC DE LA LEY DE DISPONIBILIDAD DE SUELO URBANIZABLE
¿QUIÉNES SE BENEFICIAN CON ESTA LEY?
Todos los colombianos de escasos recursos, población informal y desplazada en condiciones de pobreza que no tengan vivienda digna propia.",,2011-07-06 13:10:47,,,,,4,1,0,https://facebook.com/PrensaJuanLozano/posts/216251361743574,,208037302564980,Juan Lozano Ramírez,False,,,,,,,True,[],void_error,void_error,void_error
56,216186851750025,"El Presidente Santos presenta Ley de Disponibilidad de Suelo Urbanizable, sancionada el 30 de junio de 2011.","El Presidente Santos presenta Ley de Disponibilidad de Suelo Urbanizable, sancionada el 30 de junio de 2011.",,2011-07-06 10:23:43,,,,,7,3,0,https://facebook.com/PrensaJuanLozano/posts/216186851750025,,208037302564980,Juan Lozano Ramírez,False,,,,,,,True,[],void_error,void_error,void_error
57,215684218466955,,,,2011-07-05 09:13:58,,,,,11,13,0,https://facebook.com/PrensaJuanLozano/posts/215684218466955,,208037302564980,Juan Lozano Ramírez,False,,,,,,,True,[],void_error,void_error,void_error
58,224683360899953,"ABC de la Licencia de Maternidad http://bit.ly/kTmPrA

JUANLOZANO.COM.CO
ABC DE LA LICENCIA DE MATERNIDAD",ABC de la Licencia de Maternidad http://bit.ly/kTmPrA,"JUANLOZANO.COM.CO
ABC DE LA LICENCIA DE MATERNIDAD",2011-07-05 09:04:43,,,,,3,0,0,https://facebook.com/PrensaJuanLozano/posts/224683360899953,https://bit.ly/kTmPrA,208037302564980,Juan Lozano Ramírez,False,,,,,,,True,[],void_error,void_error,void_error
59,215635485138495,Presidente Santos sanciona hoy la Ley que amplía la Licencia de Maternidad.,Presidente Santos sanciona hoy la Ley que amplía la Licencia de Maternidad.,,2011-07-05 06:39:04,,,,,11,2,0,https://facebook.com/PrensaJuanLozano/posts/215635485138495,,208037302564980,Juan Lozano Ramírez,False,,,,,,,True,[],void_error,void_error,void_error
60,210048909030486,Dónde está y para dónde va el Partido de 'la U'. El Tiempo http://bit.ly/jsnGs9,Dónde está y para dónde va el Partido de 'la U'. El Tiempo http://bit.ly/jsnGs9,,2011-06-19 09:26:04,,,,,4,3,0,https://facebook.com/PrensaJuanLozano/posts/210048909030486,https://bit.ly/jsnGs9,208037302564980,Juan Lozano Ramírez,False,,,,,,,True,[],void_error,void_error,void_error
61,209695755732468,"‘Quiero públicamente hacer reconocimiento al Partido de La U, mi Partido, porque el resultado es excepcional’: Santos. http://bit.ly/iFBk08","‘Quiero públicamente hacer reconocimiento al Partido de La U, mi Partido, porque el resultado es excepcional’: Santos. http://bit.ly/iFBk08",,2011-06-17 19:52:05,,,,,14,3,0,https://facebook.com/PrensaJuanLozano/posts/209695755732468,https://bit.ly/iFBk08,208037302564980,Juan Lozano Ramírez,False,,,,,,,True,[],void_error,void_error,void_error
62,209215025780541,Puntos clave de la nueva Licencia de Maternidad http://bit.ly/ivFfci,Puntos clave de la nueva Licencia de Maternidad http://bit.ly/ivFfci,,2011-06-15 21:19:19,,,,,22,4,0,https://facebook.com/PrensaJuanLozano/posts/209215025780541,https://bit.ly/ivFfci,208037302564980,Juan Lozano Ramírez,False,,,,,,,True,[],void_error,void_error,void_error
63,209193282449382,A sanción presidencial proyectos de Disponibilidad de Suelo Urbanizable y Ampliación de Licencia de Maternidad http://bit.ly/lLJDa4,A sanción presidencial proyectos de Disponibilidad de Suelo Urbanizable y Ampliación de Licencia de Maternidad http://bit.ly/lLJDa4,,2011-06-15 18:49:02,,,,,16,3,0,https://facebook.com/PrensaJuanLozano/posts/209193282449382,https://bit.ly/lLJDa4,208037302564980,Juan Lozano Ramírez,False,,,,,,,True,[],void_error,void_error,void_error
64,208962339139143,"APROBADO INFORME DE CONCILIACIÓN DEL PROYECTO DE DISPONIBILIDAD DE SUELO URBANIZABLE O MACROPROYECTOS
http://bit.ly/iLEMGd","APROBADO INFORME DE CONCILIACIÓN DEL PROYECTO DE DISPONIBILIDAD DE SUELO URBANIZABLE O MACROPROYECTOS
http://bit.ly/iLEMGd",,2011-06-14 17:41:40,,,,,12,6,0,https://facebook.com/PrensaJuanLozano/posts/208962339139143,https://bit.ly/iLEMGd,208037302564980,Juan Lozano Ramírez,False,,,,,,,True,[],void_error,void_error,void_error
65,208059869229390,www.juanlozano.com.co,www.juanlozano.com.co,,2011-06-10 13:09:47,,,,,4,6,0,https://facebook.com/PrensaJuanLozano/posts/208059869229390,http://www.juanlozano.com.co/,208037302564980,Juan Lozano Ramírez,False,,,,,,,True,[],void_error,void_error,void_error
66,208039492564761,"La Plenaria de Cámara aprobó en cuarto y último debate el proyecto de ley que incrementa en dos semanas la licencia de maternidad en Colombia y otorga una licencia previa.
El proyecto permite ampliar de 12 a 14 semanas la licencia de maternidad para que las madres puedan disfrutar de un mayor tiempo con sus recién nacidos.","La Plenaria de Cámara aprobó en cuarto y último debate el proyecto de ley que incrementa en dos semanas la licencia de maternidad en Colombia y otorga una licencia previa.
El proyecto permite ampliar de 12 a 14 semanas la licencia de maternidad para que las madres puedan disfrutar de un mayor tiempo con sus recién nacidos.",,2011-06-10 11:18:16,,,,,50,12,0,https://facebook.com/PrensaJuanLozano/posts/208039492564761,,208037302564980,Juan Lozano Ramírez,False,,,,,,,True,[],void_error,void_error,void_error
