,post_time,post_id,text,user,user_comment
0,2021-07-10 08:38:59,6440739939285611,"🙋🏻‍♂️ Aprende todo lo que debes saber de la Declaración de Renta Año Gravable 2020 en un ABECÉ detallado que hemos creado para resolver todas las dudas de los contribuyentes. 💁🏽 Consúltalo aquí: https://bit.ly/3AKhkj6 y dilo tú también: #YoSíPude. 🇨🇴
#RentaPersonasNaturales2020",Carlos Alberto Montes,Pusieron a correr a los Pensionados para actualizar su RUT con la actividad económica 0020. Pero el formulario 210 aún no cuenta con dicha actividad económica por lo cual no se puede elaborar aún la declaración de renta 2020. Cuando van a solucionar este inconveniente?
1,2021-07-10 08:38:59,6440739939285611,"🙋🏻‍♂️ Aprende todo lo que debes saber de la Declaración de Renta Año Gravable 2020 en un ABECÉ detallado que hemos creado para resolver todas las dudas de los contribuyentes. 💁🏽 Consúltalo aquí: https://bit.ly/3AKhkj6 y dilo tú también: #YoSíPude. 🇨🇴
#RentaPersonasNaturales2020",Maria Cadena D,Me interesa la capacitacion ... como accedo
2,2021-07-10 08:38:59,6440739939285611,"🙋🏻‍♂️ Aprende todo lo que debes saber de la Declaración de Renta Año Gravable 2020 en un ABECÉ detallado que hemos creado para resolver todas las dudas de los contribuyentes. 💁🏽 Consúltalo aquí: https://bit.ly/3AKhkj6 y dilo tú también: #YoSíPude. 🇨🇴
#RentaPersonasNaturales2020",Walter Guillermo,NO ERA Paola de Hoyos
3,2021-07-10 08:38:59,6440739939285611,"🙋🏻‍♂️ Aprende todo lo que debes saber de la Declaración de Renta Año Gravable 2020 en un ABECÉ detallado que hemos creado para resolver todas las dudas de los contribuyentes. 💁🏽 Consúltalo aquí: https://bit.ly/3AKhkj6 y dilo tú también: #YoSíPude. 🇨🇴
#RentaPersonasNaturales2020",Wanda Wan,https://www.facebook.com/groups/729170463898822/permalink/1970958593053330/
4,2021-07-10 08:38:59,6440739939285611,"🙋🏻‍♂️ Aprende todo lo que debes saber de la Declaración de Renta Año Gravable 2020 en un ABECÉ detallado que hemos creado para resolver todas las dudas de los contribuyentes. 💁🏽 Consúltalo aquí: https://bit.ly/3AKhkj6 y dilo tú también: #YoSíPude. 🇨🇴
#RentaPersonasNaturales2020",Yesica Carbonell,"Hola buenas tardes Lo que pasa es que hoy en la mañana se contactó  conmigo un asesor y me dijo que yo era beneficiaria de la devolución del IVA ya que yo soy comerciante, Y me dijo que este proceso era por parte de la dian, Donde salí beneficiaria por un monto de 1'500.000, Quiero saber que tan confiable es ya que el asesor me indicó una página para que entrara y en ella tenía que digitar mi contraseña de cuenta entre otras cosas, muchas gracias por la información."
5,2021-07-10 08:38:59,6440739939285611,"🙋🏻‍♂️ Aprende todo lo que debes saber de la Declaración de Renta Año Gravable 2020 en un ABECÉ detallado que hemos creado para resolver todas las dudas de los contribuyentes. 💁🏽 Consúltalo aquí: https://bit.ly/3AKhkj6 y dilo tú también: #YoSíPude. 🇨🇴
#RentaPersonasNaturales2020",Eder Romero,"Definitivamente va tener que dejar ese oficio y dedicarse al modelar , estoy seguro que le va mejor. "
6,2021-07-10 08:38:59,6440739939285611,"🙋🏻‍♂️ Aprende todo lo que debes saber de la Declaración de Renta Año Gravable 2020 en un ABECÉ detallado que hemos creado para resolver todas las dudas de los contribuyentes. 💁🏽 Consúltalo aquí: https://bit.ly/3AKhkj6 y dilo tú también: #YoSíPude. 🇨🇴
#RentaPersonasNaturales2020",Carolina Ortiz,"Buenos dias, cuando aperturan agendas para la actualización del RUT, en mi caso el contribuyente debe actualizarlo toda vez que no tiene el correo electronico en el RUT para realizar autogestion"
7,2021-07-10 08:38:59,6440739939285611,"🙋🏻‍♂️ Aprende todo lo que debes saber de la Declaración de Renta Año Gravable 2020 en un ABECÉ detallado que hemos creado para resolver todas las dudas de los contribuyentes. 💁🏽 Consúltalo aquí: https://bit.ly/3AKhkj6 y dilo tú también: #YoSíPude. 🇨🇴
#RentaPersonasNaturales2020",Martha Consuelo Vargas,"Buenas tardes Señores de la DIAN, para cuando se podrá contar con el Formulario 210 actualizado con la actividad económica 0020 para los pensionados; estamos a quince días del inicio de presentación de declaraciones y nos encontramos con este inconveniente.  "
8,2021-07-10 08:38:59,6440739939285611,"🙋🏻‍♂️ Aprende todo lo que debes saber de la Declaración de Renta Año Gravable 2020 en un ABECÉ detallado que hemos creado para resolver todas las dudas de los contribuyentes. 💁🏽 Consúltalo aquí: https://bit.ly/3AKhkj6 y dilo tú también: #YoSíPude. 🇨🇴
#RentaPersonasNaturales2020",Luisa Castaño,"El formulario de renta tiene problemas, no se puede presentar ""Hemos detectado que no cuentas con la última versión de la aplicación, por tanto serás direccionado a la página de autenticación. Procede a eliminar los caches y datos temporales del navegador e ingresa nuevamente."" Ya borré todos los datos de navegación y nada."
9,2021-07-10 08:38:59,6440739939285611,"🙋🏻‍♂️ Aprende todo lo que debes saber de la Declaración de Renta Año Gravable 2020 en un ABECÉ detallado que hemos creado para resolver todas las dudas de los contribuyentes. 💁🏽 Consúltalo aquí: https://bit.ly/3AKhkj6 y dilo tú también: #YoSíPude. 🇨🇴
#RentaPersonasNaturales2020",Laudith Herrera,"Hola pasa algo con la página? Esta caída y ya he actualizado, borrado historial y cookies"
10,2021-07-10 08:38:59,6440739939285611,"🙋🏻‍♂️ Aprende todo lo que debes saber de la Declaración de Renta Año Gravable 2020 en un ABECÉ detallado que hemos creado para resolver todas las dudas de los contribuyentes. 💁🏽 Consúltalo aquí: https://bit.ly/3AKhkj6 y dilo tú también: #YoSíPude. 🇨🇴
#RentaPersonasNaturales2020",Cristian Ricardo Peñuela Pico,"Por favor revicen el facturadoe electronico, no esta dejando crear las facturas hoy 28 de julio a las 7:26 pm"
11,2021-07-10 08:38:59,6440739939285611,"🙋🏻‍♂️ Aprende todo lo que debes saber de la Declaración de Renta Año Gravable 2020 en un ABECÉ detallado que hemos creado para resolver todas las dudas de los contribuyentes. 💁🏽 Consúltalo aquí: https://bit.ly/3AKhkj6 y dilo tú también: #YoSíPude. 🇨🇴
#RentaPersonasNaturales2020",Maria Espitia,Buenos dias por favor alguien sabe  que pasa con la pagina de la DIAN  desde hace dos dias  estoy intentando diligenciar formualrio 210 y no me deja se queda en el circulo pensando  y no me deja hacer en ningun navegador . POR  favor si alguien sabe me puede  colaborar gracias 
12,2021-07-10 08:38:59,6440739939285611,"🙋🏻‍♂️ Aprende todo lo que debes saber de la Declaración de Renta Año Gravable 2020 en un ABECÉ detallado que hemos creado para resolver todas las dudas de los contribuyentes. 💁🏽 Consúltalo aquí: https://bit.ly/3AKhkj6 y dilo tú también: #YoSíPude. 🇨🇴
#RentaPersonasNaturales2020",Ernesto Moreno Fonseca,"Cales son los avalúos catastrales que reportaron, hay registros de varios propietarios y solamente hay uno informado por el 100%?"
13,2021-07-10 08:38:59,6440739939285611,"🙋🏻‍♂️ Aprende todo lo que debes saber de la Declaración de Renta Año Gravable 2020 en un ABECÉ detallado que hemos creado para resolver todas las dudas de los contribuyentes. 💁🏽 Consúltalo aquí: https://bit.ly/3AKhkj6 y dilo tú también: #YoSíPude. 🇨🇴
#RentaPersonasNaturales2020",Ernesto Moreno Fonseca,"Ejemplo, a un predio que está con avalúo catastral de seis mil millones de pesos, y son ""n"" dueños, y le están reportando a uno de ellos? Municipio de Ibagué. "
14,2021-07-10 08:38:59,6440739939285611,"🙋🏻‍♂️ Aprende todo lo que debes saber de la Declaración de Renta Año Gravable 2020 en un ABECÉ detallado que hemos creado para resolver todas las dudas de los contribuyentes. 💁🏽 Consúltalo aquí: https://bit.ly/3AKhkj6 y dilo tú también: #YoSíPude. 🇨🇴
#RentaPersonasNaturales2020",Juan Pablo Quiceno Orozco,Oficiemos de esta irregularidad a la PROCURADURIA GENERAL DE LA NACIÓN
15,2021-07-10 08:38:59,6440739939285611,"🙋🏻‍♂️ Aprende todo lo que debes saber de la Declaración de Renta Año Gravable 2020 en un ABECÉ detallado que hemos creado para resolver todas las dudas de los contribuyentes. 💁🏽 Consúltalo aquí: https://bit.ly/3AKhkj6 y dilo tú también: #YoSíPude. 🇨🇴
#RentaPersonasNaturales2020",Leidy Jhoanna," Buenas tardes, aun no hay reporte de exogena, y pronto empiezan la declaraciones de renta de personas naturales, ahi como se hace para saber que nos han reportado? Gracias "
16,2021-07-10 08:38:59,6440739939285611,"🙋🏻‍♂️ Aprende todo lo que debes saber de la Declaración de Renta Año Gravable 2020 en un ABECÉ detallado que hemos creado para resolver todas las dudas de los contribuyentes. 💁🏽 Consúltalo aquí: https://bit.ly/3AKhkj6 y dilo tú también: #YoSíPude. 🇨🇴
#RentaPersonasNaturales2020",Natalia Gaviria Garcia,"Buenas tardes estoy tratando con mi padre que es pensionado y el rut está actualizado con la actividad 20 desde el 01/01/2021, sin embargo cuando voy hacer la declaración me aparece el error que la actividad principal no existe....que debo hacer? Gracias  "
17,2021-07-10 08:38:59,6440739939285611,"🙋🏻‍♂️ Aprende todo lo que debes saber de la Declaración de Renta Año Gravable 2020 en un ABECÉ detallado que hemos creado para resolver todas las dudas de los contribuyentes. 💁🏽 Consúltalo aquí: https://bit.ly/3AKhkj6 y dilo tú también: #YoSíPude. 🇨🇴
#RentaPersonasNaturales2020",Alfonso Vahos,"Saludos , me llego un correo donde me asignan una firma electronica que no he solicitado ? "
18,2021-07-10 08:38:59,6440739939285611,"🙋🏻‍♂️ Aprende todo lo que debes saber de la Declaración de Renta Año Gravable 2020 en un ABECÉ detallado que hemos creado para resolver todas las dudas de los contribuyentes. 💁🏽 Consúltalo aquí: https://bit.ly/3AKhkj6 y dilo tú también: #YoSíPude. 🇨🇴
#RentaPersonasNaturales2020",Hernán Darío Vargas Cardona,"Buenas tardes. Ayer cree el borrador del formulario 210 para declaración de renta. Sin embargo, cuando trato de editarlo aparece un mensaje que dice que no tengo la última versión de la aplicación y que debo eliminar la información de la caché, etc. Limpio todo el navegador incluido las contraseñas pero vuelve a aparecer lo mismo. Qué puedo hacer? Ya he intentado de todo."
19,2021-07-10 08:38:59,6440739939285611,"🙋🏻‍♂️ Aprende todo lo que debes saber de la Declaración de Renta Año Gravable 2020 en un ABECÉ detallado que hemos creado para resolver todas las dudas de los contribuyentes. 💁🏽 Consúltalo aquí: https://bit.ly/3AKhkj6 y dilo tú también: #YoSíPude. 🇨🇴
#RentaPersonasNaturales2020",Faviana Alexandra,Requiero una cita urgente para actualizar el rut y ya llevo más de 10 días tratando de solicitarla. NO HAY DISPONIBLE en ninguna ciudad que puedo hacer ???
20,2021-07-10 08:38:59,6440739939285611,"🙋🏻‍♂️ Aprende todo lo que debes saber de la Declaración de Renta Año Gravable 2020 en un ABECÉ detallado que hemos creado para resolver todas las dudas de los contribuyentes. 💁🏽 Consúltalo aquí: https://bit.ly/3AKhkj6 y dilo tú también: #YoSíPude. 🇨🇴
#RentaPersonasNaturales2020",Laura Ramirez,Su página es un desastre ! no puedo actualizar el RUT y no hay citas! que hago?
21,2021-07-10 08:38:59,6440739939285611,"🙋🏻‍♂️ Aprende todo lo que debes saber de la Declaración de Renta Año Gravable 2020 en un ABECÉ detallado que hemos creado para resolver todas las dudas de los contribuyentes. 💁🏽 Consúltalo aquí: https://bit.ly/3AKhkj6 y dilo tú también: #YoSíPude. 🇨🇴
#RentaPersonasNaturales2020",Angie Guio,"Buenos dias,requiero cita para actualizar el rut llevo 20 días tratando de solicitar la cita y no hay disponible en ninguna ciudad que puedo hacer ???"
22,2021-07-10 08:38:59,6440739939285611,"🙋🏻‍♂️ Aprende todo lo que debes saber de la Declaración de Renta Año Gravable 2020 en un ABECÉ detallado que hemos creado para resolver todas las dudas de los contribuyentes. 💁🏽 Consúltalo aquí: https://bit.ly/3AKhkj6 y dilo tú también: #YoSíPude. 🇨🇴
#RentaPersonasNaturales2020",Laura Franco Jaramillo,"Por favor ayuda! Cómo puede uno conseguir una cita para actualizar datos del RUT???? El sistema de agendamiento solo muestra que no hay citas disponibles, en todo el país, en todo el mes.... Cómo es esto posible? Alguien que me expliques cómo funciona el agendamiento para al menos tener una pista de como funciona la agenda"
23,2021-07-10 08:38:59,6440739939285611,"🙋🏻‍♂️ Aprende todo lo que debes saber de la Declaración de Renta Año Gravable 2020 en un ABECÉ detallado que hemos creado para resolver todas las dudas de los contribuyentes. 💁🏽 Consúltalo aquí: https://bit.ly/3AKhkj6 y dilo tú también: #YoSíPude. 🇨🇴
#RentaPersonasNaturales2020",Wanda Wan,https://www.facebook.com/groups/729170463898822/permalink/1970958593053330/
24,2021-07-10 08:38:59,6440739939285611,"🙋🏻‍♂️ Aprende todo lo que debes saber de la Declaración de Renta Año Gravable 2020 en un ABECÉ detallado que hemos creado para resolver todas las dudas de los contribuyentes. 💁🏽 Consúltalo aquí: https://bit.ly/3AKhkj6 y dilo tú también: #YoSíPude. 🇨🇴
#RentaPersonasNaturales2020",Juan Pablo Quiceno Orozco,"Ojalá mañana ya tengan buena la página....espero...hoy...otro día perdido, y ojala mañana también tengan las de los litográficos.....por favor sean serios....y no tan incompetentes"
25,2021-07-10 08:38:59,6440739939285611,"🙋🏻‍♂️ Aprende todo lo que debes saber de la Declaración de Renta Año Gravable 2020 en un ABECÉ detallado que hemos creado para resolver todas las dudas de los contribuyentes. 💁🏽 Consúltalo aquí: https://bit.ly/3AKhkj6 y dilo tú también: #YoSíPude. 🇨🇴
#RentaPersonasNaturales2020",Henry Hurtado,"El gobierno está desesperado por recaudar lo más que pueda de dinero para desperdiciarlo y malgastarlo con Duque, con su pésimo gobierno, para armar hasta los dientes a las FFMM y desatender a la poblacsión. Soy un contribuyente de renta cumplido y responsable pero qué tristeza tener que darle plata a un gobierno y a un Estado tan detestable como el de Colombia."
26,2021-07-10 08:38:59,6440739939285611,"🙋🏻‍♂️ Aprende todo lo que debes saber de la Declaración de Renta Año Gravable 2020 en un ABECÉ detallado que hemos creado para resolver todas las dudas de los contribuyentes. 💁🏽 Consúltalo aquí: https://bit.ly/3AKhkj6 y dilo tú también: #YoSíPude. 🇨🇴
#RentaPersonasNaturales2020",Felipe Ramirez,Buen día necesito descargar el fut y no tengo acceso al correo que debo hacer? Gracias 
27,2021-07-10 08:38:59,6440739939285611,"🙋🏻‍♂️ Aprende todo lo que debes saber de la Declaración de Renta Año Gravable 2020 en un ABECÉ detallado que hemos creado para resolver todas las dudas de los contribuyentes. 💁🏽 Consúltalo aquí: https://bit.ly/3AKhkj6 y dilo tú también: #YoSíPude. 🇨🇴
#RentaPersonasNaturales2020",Abigail Maldonado,Envíe una caja a Colombia de ropa de bebé toda la ropa usada nada nuevo y se les antoja que pague más impuestos!! Ladrones claro para quedarse con los paquetes 📦 
28,2021-07-10 08:38:59,6440739939285611,"🙋🏻‍♂️ Aprende todo lo que debes saber de la Declaración de Renta Año Gravable 2020 en un ABECÉ detallado que hemos creado para resolver todas las dudas de los contribuyentes. 💁🏽 Consúltalo aquí: https://bit.ly/3AKhkj6 y dilo tú también: #YoSíPude. 🇨🇴
#RentaPersonasNaturales2020",Ninfa Bety Siachoque,"Cómo eliminar las cookies del navegador? En Chrome En tu computadora, abre Chrome. En la esquina superior derecha, haz clic en Más . Haz clic en Más herramientas. ...  En la parte superior, elige un intervalo de tiempo. ...  Marca las casillas junto a ""Cookies y otros datos de sitios"" y ""Imágenes y archivos almacenados en caché"". Haz clic en Borrar datos. Así solucionas el problema de actualuzacion"
29,2021-07-10 08:38:59,6440739939285611,"🙋🏻‍♂️ Aprende todo lo que debes saber de la Declaración de Renta Año Gravable 2020 en un ABECÉ detallado que hemos creado para resolver todas las dudas de los contribuyentes. 💁🏽 Consúltalo aquí: https://bit.ly/3AKhkj6 y dilo tú también: #YoSíPude. 🇨🇴
#RentaPersonasNaturales2020",Eireann Vives Granados,QUE CARAJO ESTA PASANDO EN EL AEROPUERTO???? 2021-07-21 18:50Released  2021-07-19 08:00Received by Destination Customs  2021-07-18 15:33Delivered by airline  2021-07-12 08:00Received by Destination Customs  2021-07-11 14:10Delivered by airline  El 12 de Julio: La Aduana recibió mi envío El 19 de Julio: La Aduana recibió mi envío OTRA VEZ ??? Y NECESITAN TRES días para procesar un envío de 500 gramos de té? No tienen computadoras los de la Aduana? Nadie es más lento que la Aduana en Colombia.
30,2021-07-10 08:38:59,6440739939285611,"🙋🏻‍♂️ Aprende todo lo que debes saber de la Declaración de Renta Año Gravable 2020 en un ABECÉ detallado que hemos creado para resolver todas las dudas de los contribuyentes. 💁🏽 Consúltalo aquí: https://bit.ly/3AKhkj6 y dilo tú también: #YoSíPude. 🇨🇴
#RentaPersonasNaturales2020",Guerrero Arias Julian,necesito urgente una maldita cita pésimo servicio 
31,2021-07-10 08:38:59,6440739939285611,"🙋🏻‍♂️ Aprende todo lo que debes saber de la Declaración de Renta Año Gravable 2020 en un ABECÉ detallado que hemos creado para resolver todas las dudas de los contribuyentes. 💁🏽 Consúltalo aquí: https://bit.ly/3AKhkj6 y dilo tú también: #YoSíPude. 🇨🇴
#RentaPersonasNaturales2020",Juan David Vargas,"PENSIONADOS - En la plataforma MUISCA de la DIAN, en el formulario de ""Declaración de Renta y Complementarios Personas Naturales y Asimiladas de Residentes y Sucesiones Iliquidas de Causantes Residentes"" en el item 24. Actividad Económica, no me aparece la opción 020, nuevo código de pensionados. Es algún error del sistema? ... Ya está actualizado el RUT con el 020 de manera correcta. Muchas gracias"
32,2021-07-10 08:38:59,6440739939285611,"🙋🏻‍♂️ Aprende todo lo que debes saber de la Declaración de Renta Año Gravable 2020 en un ABECÉ detallado que hemos creado para resolver todas las dudas de los contribuyentes. 💁🏽 Consúltalo aquí: https://bit.ly/3AKhkj6 y dilo tú también: #YoSíPude. 🇨🇴
#RentaPersonasNaturales2020",Guerrero Arias Julian,necesito urgente una maldita cita pésimo servicio 
33,2021-07-10 08:38:59,6440739939285611,"🙋🏻‍♂️ Aprende todo lo que debes saber de la Declaración de Renta Año Gravable 2020 en un ABECÉ detallado que hemos creado para resolver todas las dudas de los contribuyentes. 💁🏽 Consúltalo aquí: https://bit.ly/3AKhkj6 y dilo tú también: #YoSíPude. 🇨🇴
#RentaPersonasNaturales2020",Ruag Kcaroline,"Buenas tardes, desde la semana pasada me sale este error. Hemos detectado que no cuentas con la última versión de la aplicación, por tanto serás direccionado a la página de autenticación. Procede a eliminar los caches y datos temporales del navegador e ingresa nuevamente. que se puede hacer"
34,2021-07-10 08:38:59,6440739939285611,"🙋🏻‍♂️ Aprende todo lo que debes saber de la Declaración de Renta Año Gravable 2020 en un ABECÉ detallado que hemos creado para resolver todas las dudas de los contribuyentes. 💁🏽 Consúltalo aquí: https://bit.ly/3AKhkj6 y dilo tú también: #YoSíPude. 🇨🇴
#RentaPersonasNaturales2020",Guerrero Arias Julian,necesito urgente una maldita cita pésimo servicio 
35,2021-07-10 08:38:59,6440739939285611,"🙋🏻‍♂️ Aprende todo lo que debes saber de la Declaración de Renta Año Gravable 2020 en un ABECÉ detallado que hemos creado para resolver todas las dudas de los contribuyentes. 💁🏽 Consúltalo aquí: https://bit.ly/3AKhkj6 y dilo tú también: #YoSíPude. 🇨🇴
#RentaPersonasNaturales2020",Guerrero Arias Julian,necesito urgente una maldita cita pésimo servicio 
36,2021-07-10 08:38:59,6440739939285611,"🙋🏻‍♂️ Aprende todo lo que debes saber de la Declaración de Renta Año Gravable 2020 en un ABECÉ detallado que hemos creado para resolver todas las dudas de los contribuyentes. 💁🏽 Consúltalo aquí: https://bit.ly/3AKhkj6 y dilo tú también: #YoSíPude. 🇨🇴
#RentaPersonasNaturales2020",Guerrero Arias Julian,necesito urgente una maldita cita pésimo servicio 
37,2021-07-10 08:38:59,6440739939285611,"🙋🏻‍♂️ Aprende todo lo que debes saber de la Declaración de Renta Año Gravable 2020 en un ABECÉ detallado que hemos creado para resolver todas las dudas de los contribuyentes. 💁🏽 Consúltalo aquí: https://bit.ly/3AKhkj6 y dilo tú también: #YoSíPude. 🇨🇴
#RentaPersonasNaturales2020",Guerrero Arias Julian,necesito urgente una maldita cita pésimo servicio 
38,2021-07-10 08:38:59,6440739939285611,"🙋🏻‍♂️ Aprende todo lo que debes saber de la Declaración de Renta Año Gravable 2020 en un ABECÉ detallado que hemos creado para resolver todas las dudas de los contribuyentes. 💁🏽 Consúltalo aquí: https://bit.ly/3AKhkj6 y dilo tú también: #YoSíPude. 🇨🇴
#RentaPersonasNaturales2020",Guerrero Arias Julian,necesito urgente una maldita cita pésimo servicio 
39,2021-07-10 08:38:59,6440739939285611,"🙋🏻‍♂️ Aprende todo lo que debes saber de la Declaración de Renta Año Gravable 2020 en un ABECÉ detallado que hemos creado para resolver todas las dudas de los contribuyentes. 💁🏽 Consúltalo aquí: https://bit.ly/3AKhkj6 y dilo tú también: #YoSíPude. 🇨🇴
#RentaPersonasNaturales2020",Guerrero Arias Julian,necesito urgente una maldita cita pésimo servicio 
40,2021-07-10 08:38:59,6440739939285611,"🙋🏻‍♂️ Aprende todo lo que debes saber de la Declaración de Renta Año Gravable 2020 en un ABECÉ detallado que hemos creado para resolver todas las dudas de los contribuyentes. 💁🏽 Consúltalo aquí: https://bit.ly/3AKhkj6 y dilo tú también: #YoSíPude. 🇨🇴
#RentaPersonasNaturales2020",Guerrero Arias Julian,necesito urgente una maldita cita pésimo servicio 
41,2021-07-10 08:38:59,6440739939285611,"🙋🏻‍♂️ Aprende todo lo que debes saber de la Declaración de Renta Año Gravable 2020 en un ABECÉ detallado que hemos creado para resolver todas las dudas de los contribuyentes. 💁🏽 Consúltalo aquí: https://bit.ly/3AKhkj6 y dilo tú también: #YoSíPude. 🇨🇴
#RentaPersonasNaturales2020",Guerrero Arias Julian,necesito urgente una maldita cita pésimo servicio 
42,2021-07-10 08:38:59,6440739939285611,"🙋🏻‍♂️ Aprende todo lo que debes saber de la Declaración de Renta Año Gravable 2020 en un ABECÉ detallado que hemos creado para resolver todas las dudas de los contribuyentes. 💁🏽 Consúltalo aquí: https://bit.ly/3AKhkj6 y dilo tú también: #YoSíPude. 🇨🇴
#RentaPersonasNaturales2020",Jhon E. Suarez,"señores DIAN Dirección de Impuestos y Aduanas Nacionales de Colombia muy respetuosamente necesitamos que habiliten el portal de la Dian para citas virtuales, estamos en temporada de Rentas Naturales ."
43,2021-07-10 08:38:59,6440739939285611,"🙋🏻‍♂️ Aprende todo lo que debes saber de la Declaración de Renta Año Gravable 2020 en un ABECÉ detallado que hemos creado para resolver todas las dudas de los contribuyentes. 💁🏽 Consúltalo aquí: https://bit.ly/3AKhkj6 y dilo tú también: #YoSíPude. 🇨🇴
#RentaPersonasNaturales2020",Janneth Oro Añazco,El formato de ayuda renta 2020 tiene referencia circular. 
44,2021-07-10 08:38:59,6440739939285611,"🙋🏻‍♂️ Aprende todo lo que debes saber de la Declaración de Renta Año Gravable 2020 en un ABECÉ detallado que hemos creado para resolver todas las dudas de los contribuyentes. 💁🏽 Consúltalo aquí: https://bit.ly/3AKhkj6 y dilo tú también: #YoSíPude. 🇨🇴
#RentaPersonasNaturales2020",Fonseca Patricia,"Por favor, tratamos de agendar cita virtual para un cambio en el rut persona natural que no permite que realicemos, pero la  plataforma de agendamiento de citas , dice que no hay citas disponibles.  Que soluciòn?"
45,2021-07-10 08:38:59,6440739939285611,"🙋🏻‍♂️ Aprende todo lo que debes saber de la Declaración de Renta Año Gravable 2020 en un ABECÉ detallado que hemos creado para resolver todas las dudas de los contribuyentes. 💁🏽 Consúltalo aquí: https://bit.ly/3AKhkj6 y dilo tú también: #YoSíPude. 🇨🇴
#RentaPersonasNaturales2020",Zaira Castillo,"Por favor me pueden indicar cómo actualizar mi RUT, no aparece un nombre ,pido asesoría unos me dicen que debo ir a hacerlo personalmente, voy y el celador ni me deja entrar dice que no están atendiendo de forma presencial, que debe ser virtual, lo intento hacer virtual, no deja cargar el documento ni agregar el nombre, veo el vídeo que dice no estar disponible, entonces llamó y dice que debe ser presencial. Así me tienen dando vueltas por un lado y otro y da una respuesta , ayuda o asesoría que sirva. Ahh pero para cobrar impuestos si contestan. Por favor alguien que me indique cómo se hace y que resulte bien hecho, gracias"
46,2021-07-10 08:38:59,6440739939285611,"🙋🏻‍♂️ Aprende todo lo que debes saber de la Declaración de Renta Año Gravable 2020 en un ABECÉ detallado que hemos creado para resolver todas las dudas de los contribuyentes. 💁🏽 Consúltalo aquí: https://bit.ly/3AKhkj6 y dilo tú también: #YoSíPude. 🇨🇴
#RentaPersonasNaturales2020",Daniel,"Error no especificado: [""Error en la validacion del documento. Casilla: 98 Descripcion: Casilla no diligenciada\n:Ide Marca: 7 Xml: \r\n\r\n \r\n \r\n\r\n\r\n""] "
47,2021-07-10 08:38:59,6440739939285611,"🙋🏻‍♂️ Aprende todo lo que debes saber de la Declaración de Renta Año Gravable 2020 en un ABECÉ detallado que hemos creado para resolver todas las dudas de los contribuyentes. 💁🏽 Consúltalo aquí: https://bit.ly/3AKhkj6 y dilo tú también: #YoSíPude. 🇨🇴
#RentaPersonasNaturales2020",Tramites Andres Arboleda,"Tramites rápidos en menos de 5 minutos sin salir de tu casa  SERVICIOS:  -Registro en el RUT en 10 minutos para persona natural  -Actualización del RUT (Datos de contacto, Actividades y Responsabilidades) - Asignación de citas  -Registro a software gratuito de la DIAN para facturar electrónicamente -Declaración de renta   -Firma electrónica - Recuperación de usuario de la DIAN.  WhatsApp: 3505443541   ⬇️Enlace directo al chat de WhatsApp ⏬  https://wa.me/message/E2C3SZPRRAUUL1 "
48,2021-07-10 08:38:59,6440739939285611,"🙋🏻‍♂️ Aprende todo lo que debes saber de la Declaración de Renta Año Gravable 2020 en un ABECÉ detallado que hemos creado para resolver todas las dudas de los contribuyentes. 💁🏽 Consúltalo aquí: https://bit.ly/3AKhkj6 y dilo tú también: #YoSíPude. 🇨🇴
#RentaPersonasNaturales2020",Daniel,"ayuda, "
49,2021-07-10 08:38:59,6440739939285611,"🙋🏻‍♂️ Aprende todo lo que debes saber de la Declaración de Renta Año Gravable 2020 en un ABECÉ detallado que hemos creado para resolver todas las dudas de los contribuyentes. 💁🏽 Consúltalo aquí: https://bit.ly/3AKhkj6 y dilo tú también: #YoSíPude. 🇨🇴
#RentaPersonasNaturales2020",Jose Lopez,"Imposible conseguir una cita, nunca hay agenda disponible, desde la guajira hasta Arauca imposible, llevo más de un mes en ese proceso de conseguir cita y no se puede van a empezar los términos para declarar renta y nada que consigo cita para actualizar, responden siempre con el mensaje de siempre, llama uno y allá le dicen tiene que agendar cita, pues obvio eso ya lo sé porque no hay forma de actualizarlo por el Muisca, es cita o cita no hay más opciones, que hago para que me den una cita? Interpongo una tutela o las están vendiendo y toca comprarlas? Digan cómo es porque a la hora de cobrar interéses y sanciones monetarias si están trabajando como chulos y si son bien eficaces."
50,2021-07-10 08:38:59,6440739939285611,"🙋🏻‍♂️ Aprende todo lo que debes saber de la Declaración de Renta Año Gravable 2020 en un ABECÉ detallado que hemos creado para resolver todas las dudas de los contribuyentes. 💁🏽 Consúltalo aquí: https://bit.ly/3AKhkj6 y dilo tú también: #YoSíPude. 🇨🇴
#RentaPersonasNaturales2020",Mauro Nomelin,"Fallas en la presentación del formulario 210 ""hemos detectado que no cuentas con la última aplicación por tanto serás direccionado a la página de autenticación"
51,2021-07-10 08:38:59,6440739939285611,"🙋🏻‍♂️ Aprende todo lo que debes saber de la Declaración de Renta Año Gravable 2020 en un ABECÉ detallado que hemos creado para resolver todas las dudas de los contribuyentes. 💁🏽 Consúltalo aquí: https://bit.ly/3AKhkj6 y dilo tú también: #YoSíPude. 🇨🇴
#RentaPersonasNaturales2020",AP LF,"Fallas en la presentación del formulario 210 ""hemos detectado que no cuentas con la última aplicación por tanto serás direccionado a la página de autenticación"
52,2021-07-10 08:38:59,6440739939285611,"🙋🏻‍♂️ Aprende todo lo que debes saber de la Declaración de Renta Año Gravable 2020 en un ABECÉ detallado que hemos creado para resolver todas las dudas de los contribuyentes. 💁🏽 Consúltalo aquí: https://bit.ly/3AKhkj6 y dilo tú también: #YoSíPude. 🇨🇴
#RentaPersonasNaturales2020",Alexa LR,"Señores Dian necesito de manera urgente cita para actualizar el Rut de una propiedad horizontal el anterior administrador renunció y no se sabe nada de el y no sabemos el usuario y clave para poder actualizar el Rut con el nuevo representante legal y me preocupa porque asi no puedo pagar la retención en la fuente del edificio llevo mas de un mes buscando una cita reviso todos los dias y no hay nada disponible solo hay citas para tramites de autogestión servicios en linea con NAF, información cobranza creo que deberían colaboramos en lo mas importante que es tener más citas  disponibles para poder actualizar este documento en mi caso que no tengo el usuario y contraseña."
53,2021-07-10 08:38:59,6440739939285611,"🙋🏻‍♂️ Aprende todo lo que debes saber de la Declaración de Renta Año Gravable 2020 en un ABECÉ detallado que hemos creado para resolver todas las dudas de los contribuyentes. 💁🏽 Consúltalo aquí: https://bit.ly/3AKhkj6 y dilo tú también: #YoSíPude. 🇨🇴
#RentaPersonasNaturales2020",Juli Castillo,Pregunta. Mi certificado de ingresos y retenciones indica que obtuve 48 millones en el año mas las prestaciones sociales por 16 millones dando un ingreso total de.. 64mill. Ahí ya debo declarar renta?
54,2021-07-10 08:38:59,6440739939285611,"🙋🏻‍♂️ Aprende todo lo que debes saber de la Declaración de Renta Año Gravable 2020 en un ABECÉ detallado que hemos creado para resolver todas las dudas de los contribuyentes. 💁🏽 Consúltalo aquí: https://bit.ly/3AKhkj6 y dilo tú también: #YoSíPude. 🇨🇴
#RentaPersonasNaturales2020",Beatriz Martin Ocampo,"como puedo acceder a la información exogena, solo aparece hasta el año 2019"
55,2021-07-10 08:38:59,6440739939285611,"🙋🏻‍♂️ Aprende todo lo que debes saber de la Declaración de Renta Año Gravable 2020 en un ABECÉ detallado que hemos creado para resolver todas las dudas de los contribuyentes. 💁🏽 Consúltalo aquí: https://bit.ly/3AKhkj6 y dilo tú también: #YoSíPude. 🇨🇴
#RentaPersonasNaturales2020",Luz Amparo Arango Castaño,Que significa inscripcion asistida?
56,2021-07-10 08:38:59,6440739939285611,"🙋🏻‍♂️ Aprende todo lo que debes saber de la Declaración de Renta Año Gravable 2020 en un ABECÉ detallado que hemos creado para resolver todas las dudas de los contribuyentes. 💁🏽 Consúltalo aquí: https://bit.ly/3AKhkj6 y dilo tú también: #YoSíPude. 🇨🇴
#RentaPersonasNaturales2020",Edwin Parra,https://www.facebook.com/Las2orillas/videos/844977149464511/
57,2021-07-10 08:38:59,6440739939285611,"🙋🏻‍♂️ Aprende todo lo que debes saber de la Declaración de Renta Año Gravable 2020 en un ABECÉ detallado que hemos creado para resolver todas las dudas de los contribuyentes. 💁🏽 Consúltalo aquí: https://bit.ly/3AKhkj6 y dilo tú también: #YoSíPude. 🇨🇴
#RentaPersonasNaturales2020",Polis Villa,Saben cuantos días hay que revisar diariamente la pagina para conseguir una cita??? para que luego en la supuesta cita la persona que te atiende te diga que no sabe como corregir un error de homonimia.  En serio?? un poquito más de diligencia de la que se ufanan. 
58,2021-07-15 15:00:37,244918327176593,☝️😃 ¿Tienes dudas acerca de la actualización del Registro Único Tributario? Participa en esta transmisión en la que el experto Juan Guillermo Caicedo nos explicará las generalidades y dedicará un espacio a responder las preguntas del público. 🔔 ¡Activa la notificación ahora! 🙋🏻‍♂️,Solanlly Araujo Maestre,Que sucede cuando digito el numero de cedula y fecha de expedicion correcta y no la acepta el sistema??
59,2021-07-15 10:14:36,6465669093459362,"📰 La DIAN pone a tu disposición un abecé para que evites contratiempos, reúnas los documentos soporte necesarios para preparar y presentar tu Declaración de Renta, y te anticipes a las fechas de tu vencimiento. Conoce más aquí: https://bit.ly/36B752T",Jose Alberto Valbuena Moscoso,Pregunta: Ya se pueden consultar los datos resultados de la información exogena en la pagina de la DIAN ?
60,2021-07-15 08:00:01,6462294573796814,"☝️🤓 Agéndate y no pierdas la oportunidad de conocer más sobre este tema. 📲 Para acceder al evento, haz clic aquí y busca el link de ingreso: https://bit.ly/3em3dqN",Carlos Delgado Gonzalez,"Señores DIAN Dirección de Impuestos y Aduanas Nacionales de Colombia, estoy tratando de agendar una cita para actualización RUT sucesiones iliquidas desde hace 10 días y en ninguna sucursal del pais hay citas disponibles para todo el mes de Julio. Colaboración por favor!!!"
