,post_time,post_id,text,user,user_comment
0,2016-11-03 13:53:46,10154738578268566,"Que se den cuenta por fin de que Uribe no tiene la menor intención de contribuir a la paz por la sencilla razón de que no quiere que haya paz en Colombia.

http://www.semana.com/opinion/articulo/antonio-caballero-uribe-no-tiene-la-menor-intencion-de-contribuir-a-la-paz/502497

WWW.SEMANA.COM
Marear la paloma",Deisy Restrepo,"Antonio Caballero que crítica a Uribe, pero defiende al supuesto ""Centro"", todo un facho machista, con miedo a renunciar a sus privilegios. Que decepción estos periodistas. Que en un momento tan coyuntural, develan sus verdaderos intereses; que por lo visto, no es el de todos. Hipócritas."
1,2016-11-03 13:53:46,10154738578268566,"Que se den cuenta por fin de que Uribe no tiene la menor intención de contribuir a la paz por la sencilla razón de que no quiere que haya paz en Colombia.

http://www.semana.com/opinion/articulo/antonio-caballero-uribe-no-tiene-la-menor-intencion-de-contribuir-a-la-paz/502497

WWW.SEMANA.COM
Marear la paloma",Suso Champaña,
2,2016-11-03 13:53:46,10154738578268566,"Que se den cuenta por fin de que Uribe no tiene la menor intención de contribuir a la paz por la sencilla razón de que no quiere que haya paz en Colombia.

http://www.semana.com/opinion/articulo/antonio-caballero-uribe-no-tiene-la-menor-intencion-de-contribuir-a-la-paz/502497

WWW.SEMANA.COM
Marear la paloma",Trellezboom Tréllez,Y hoy nos damos cuenta que tenías toda la razón.
3,2016-11-03 13:53:46,10154738578268566,"Que se den cuenta por fin de que Uribe no tiene la menor intención de contribuir a la paz por la sencilla razón de que no quiere que haya paz en Colombia.

http://www.semana.com/opinion/articulo/antonio-caballero-uribe-no-tiene-la-menor-intencion-de-contribuir-a-la-paz/502497

WWW.SEMANA.COM
Marear la paloma",Sol Montoya,Usted tiene razon en este punto.. estoy de acuerdo.
4,2016-11-03 13:53:46,10154738578268566,"Que se den cuenta por fin de que Uribe no tiene la menor intención de contribuir a la paz por la sencilla razón de que no quiere que haya paz en Colombia.

http://www.semana.com/opinion/articulo/antonio-caballero-uribe-no-tiene-la-menor-intencion-de-contribuir-a-la-paz/502497

WWW.SEMANA.COM
Marear la paloma",George Art,Muy cierto señor
5,2016-11-03 13:53:46,10154738578268566,"Que se den cuenta por fin de que Uribe no tiene la menor intención de contribuir a la paz por la sencilla razón de que no quiere que haya paz en Colombia.

http://www.semana.com/opinion/articulo/antonio-caballero-uribe-no-tiene-la-menor-intencion-de-contribuir-a-la-paz/502497

WWW.SEMANA.COM
Marear la paloma",Eduardo López Salazar,jajaja.
