,post_time,post_id,text,user,user_comment
0,2020-12-10 17:31:18,467796374203062.0,"El próximo jueves 10 de diciembre se cumplen dos años de la creación de la Fundación Compaz y para conmemorar esta fecha llevaremos a cabo la Primera #CumbreCompaz, un espacio en el que participará nuestroMás fundador Juan Manuel Santos y la directora general Paula Gaviria, así como varios invitados que han pasado por programas de Compaz. ¡Acompáñanos en nuestra celebración!",Aydee Luna Osorio,"Solo quienes hemos sido víctimas de la violencia, sabemos el gran significado de La Paz, desde San Alberto Cesar, me siento comprometida a perdonar y pensar en una Colombia mejor,gracias Dr Juan Manuel Santos ."
1,2020-12-10 17:31:18,467796374203062.0,"El próximo jueves 10 de diciembre se cumplen dos años de la creación de la Fundación Compaz y para conmemorar esta fecha llevaremos a cabo la Primera #CumbreCompaz, un espacio en el que participará nuestroMás fundador Juan Manuel Santos y la directora general Paula Gaviria, así como varios invitados que han pasado por programas de Compaz. ¡Acompáñanos en nuestra celebración!",Aydee Luna Osorio,"Un caballero, un ser humano y el mejor presidente de Colombia, quien apuesta a La Paz apuesta a generar entornos de esperanza."
2,2020-12-10 17:31:18,467796374203062.0,"El próximo jueves 10 de diciembre se cumplen dos años de la creación de la Fundación Compaz y para conmemorar esta fecha llevaremos a cabo la Primera #CumbreCompaz, un espacio en el que participará nuestroMás fundador Juan Manuel Santos y la directora general Paula Gaviria, así como varios invitados que han pasado por programas de Compaz. ¡Acompáñanos en nuestra celebración!",Fabián Rojas,Lo mejor de lo mejor ..... Juan Manuel Santos Dios lo siga llenando de sabiduría y amor por la paz de nuestro país 
3,2020-12-10 17:31:18,467796374203062.0,"El próximo jueves 10 de diciembre se cumplen dos años de la creación de la Fundación Compaz y para conmemorar esta fecha llevaremos a cabo la Primera #CumbreCompaz, un espacio en el que participará nuestroMás fundador Juan Manuel Santos y la directora general Paula Gaviria, así como varios invitados que han pasado por programas de Compaz. ¡Acompáñanos en nuestra celebración!",Esmeralda Realpe,"Muchas gracias expresidente Juan Manuel Santos, por habernos dado la Paz durante su periodo presidencial, Dios lo bendiga a usted y a su familia, bendiciones"
4,2020-12-10 17:31:18,467796374203062.0,"El próximo jueves 10 de diciembre se cumplen dos años de la creación de la Fundación Compaz y para conmemorar esta fecha llevaremos a cabo la Primera #CumbreCompaz, un espacio en el que participará nuestroMás fundador Juan Manuel Santos y la directora general Paula Gaviria, así como varios invitados que han pasado por programas de Compaz. ¡Acompáñanos en nuestra celebración!",M Judith Beltran,"Saludos  dra Paula Gaviria , y dr Juan Manuel .. desde Sogamoso ,Boyacá... territorio de paz .. felicitaciones por esta cumbre... nosotras también insistimos en La Paz... "
5,2020-12-10 17:31:18,467796374203062.0,"El próximo jueves 10 de diciembre se cumplen dos años de la creación de la Fundación Compaz y para conmemorar esta fecha llevaremos a cabo la Primera #CumbreCompaz, un espacio en el que participará nuestroMás fundador Juan Manuel Santos y la directora general Paula Gaviria, así como varios invitados que han pasado por programas de Compaz. ¡Acompáñanos en nuestra celebración!",Maria Yolanda Penagos,"Saludos al Ex Presidente Juan Manuel, por favor no deje de insistir y persistir con este objetivo de la Paz, Colombia lo necesita. #cumbreCompaz "
6,2020-12-10 17:31:18,467796374203062.0,"El próximo jueves 10 de diciembre se cumplen dos años de la creación de la Fundación Compaz y para conmemorar esta fecha llevaremos a cabo la Primera #CumbreCompaz, un espacio en el que participará nuestroMás fundador Juan Manuel Santos y la directora general Paula Gaviria, así como varios invitados que han pasado por programas de Compaz. ¡Acompáñanos en nuestra celebración!",Isabel Ruiz Garcia,Mi admiración  y respeto hacia el.expresidente Santos.Un saludo especial y sabemos  que la paz es lo que queremos  en este pais
7,2020-12-10 17:31:18,467796374203062.0,"El próximo jueves 10 de diciembre se cumplen dos años de la creación de la Fundación Compaz y para conmemorar esta fecha llevaremos a cabo la Primera #CumbreCompaz, un espacio en el que participará nuestroMás fundador Juan Manuel Santos y la directora general Paula Gaviria, así como varios invitados que han pasado por programas de Compaz. ¡Acompáñanos en nuestra celebración!",Ernan Dario Zapata Vanegas,"Felicitaciones a nuestro nobel de paz ,señor expresidente,Juan Manuel santos y todos los interesados en la paz de nuestra amada colombia"
8,2020-12-10 17:31:18,467796374203062.0,"El próximo jueves 10 de diciembre se cumplen dos años de la creación de la Fundación Compaz y para conmemorar esta fecha llevaremos a cabo la Primera #CumbreCompaz, un espacio en el que participará nuestroMás fundador Juan Manuel Santos y la directora general Paula Gaviria, así como varios invitados que han pasado por programas de Compaz. ¡Acompáñanos en nuestra celebración!",Nelly Oñate,Bendiciones dr juan manuel santo calderon gracias por la paz  ! Ojala en esto tiempo estubiera usred en el mandato como presidente se que otra cosa mejor fuera hoy en dia 
9,2020-12-10 17:31:18,467796374203062.0,"El próximo jueves 10 de diciembre se cumplen dos años de la creación de la Fundación Compaz y para conmemorar esta fecha llevaremos a cabo la Primera #CumbreCompaz, un espacio en el que participará nuestroMás fundador Juan Manuel Santos y la directora general Paula Gaviria, así como varios invitados que han pasado por programas de Compaz. ¡Acompáñanos en nuestra celebración!",Luis Carlos Rocha Duran,"Sigue así Juan Manuel Santos xq usted tiene un gran corazón...mis respetos, apoyo total a todos tus proyectos y procesos "
10,2020-12-10 17:31:18,467796374203062.0,"El próximo jueves 10 de diciembre se cumplen dos años de la creación de la Fundación Compaz y para conmemorar esta fecha llevaremos a cabo la Primera #CumbreCompaz, un espacio en el que participará nuestroMás fundador Juan Manuel Santos y la directora general Paula Gaviria, así como varios invitados que han pasado por programas de Compaz. ¡Acompáñanos en nuestra celebración!",Martha Inírida Caycedo Fajardo,"Buena tarde para todos, especialmente al Dr. Juan Manuel Santos, quien será siempre un Sr Presidente 👏"
11,2020-12-10 17:31:18,467796374203062.0,"El próximo jueves 10 de diciembre se cumplen dos años de la creación de la Fundación Compaz y para conmemorar esta fecha llevaremos a cabo la Primera #CumbreCompaz, un espacio en el que participará nuestroMás fundador Juan Manuel Santos y la directora general Paula Gaviria, así como varios invitados que han pasado por programas de Compaz. ¡Acompáñanos en nuestra celebración!",Nelson Enrique Gonzalez Davila,Pienso que lo que se discutió en la Habana fue todo un peximo ejercicio Y se hubiera podido llegar mucho más lejos y realmente alcanzado el bienestar a todos los colombianos
12,2020-12-10 17:31:18,467796374203062.0,"El próximo jueves 10 de diciembre se cumplen dos años de la creación de la Fundación Compaz y para conmemorar esta fecha llevaremos a cabo la Primera #CumbreCompaz, un espacio en el que participará nuestroMás fundador Juan Manuel Santos y la directora general Paula Gaviria, así como varios invitados que han pasado por programas de Compaz. ¡Acompáñanos en nuestra celebración!",Teresa Otalora,Mi apoyo total a la paz de Juan Manuel Santos un gran ser humano que se preocupa por Colombia.Grcias presidente Santos.
13,2020-12-10 17:31:18,467796374203062.0,"El próximo jueves 10 de diciembre se cumplen dos años de la creación de la Fundación Compaz y para conmemorar esta fecha llevaremos a cabo la Primera #CumbreCompaz, un espacio en el que participará nuestroMás fundador Juan Manuel Santos y la directora general Paula Gaviria, así como varios invitados que han pasado por programas de Compaz. ¡Acompáñanos en nuestra celebración!",William Rojas Moreno,"Haaa. Tan ilógico,  pero cuando hablan que disminuye el número de muertes. Ahí sí no dicen que gracias al proceso de PAZ"
14,2020-12-10 17:31:18,467796374203062.0,"El próximo jueves 10 de diciembre se cumplen dos años de la creación de la Fundación Compaz y para conmemorar esta fecha llevaremos a cabo la Primera #CumbreCompaz, un espacio en el que participará nuestroMás fundador Juan Manuel Santos y la directora general Paula Gaviria, así como varios invitados que han pasado por programas de Compaz. ¡Acompáñanos en nuestra celebración!",Maria Leyla Nagles,"Doctor Santos, admiro tu don de gente brillante, ilustrada, sin resentimientos y su corazón limpio de odios. "
15,2020-12-10 17:31:18,467796374203062.0,"El próximo jueves 10 de diciembre se cumplen dos años de la creación de la Fundación Compaz y para conmemorar esta fecha llevaremos a cabo la Primera #CumbreCompaz, un espacio en el que participará nuestroMás fundador Juan Manuel Santos y la directora general Paula Gaviria, así como varios invitados que han pasado por programas de Compaz. ¡Acompáñanos en nuestra celebración!",Halma Castellanos,Que viva siempre el presidente Santos.el mejor...y que viva la paz en el país y en nuestros corazones ... 
16,2020-12-10 17:31:18,467796374203062.0,"El próximo jueves 10 de diciembre se cumplen dos años de la creación de la Fundación Compaz y para conmemorar esta fecha llevaremos a cabo la Primera #CumbreCompaz, un espacio en el que participará nuestroMás fundador Juan Manuel Santos y la directora general Paula Gaviria, así como varios invitados que han pasado por programas de Compaz. ¡Acompáñanos en nuestra celebración!",Edwin De La Hoz,Hoy Colombia está en su peor momento con un Gobierno donde les importa más cortar la cinta de una obra a medias que la situación del Colombiano de a pie
17,2020-12-10 17:31:18,467796374203062.0,"El próximo jueves 10 de diciembre se cumplen dos años de la creación de la Fundación Compaz y para conmemorar esta fecha llevaremos a cabo la Primera #CumbreCompaz, un espacio en el que participará nuestroMás fundador Juan Manuel Santos y la directora general Paula Gaviria, así como varios invitados que han pasado por programas de Compaz. ¡Acompáñanos en nuestra celebración!",Adolfo Leon Cotes Gonzalez,Tampoco llegan los recursos que Cómo víctimas del conflicto armado en Colombia de acuerdo a la Ley se nos debe indemnizar. . Ojala pudiera ser Presidente de este País nuevamente para ver si esto se cumple.
18,2020-12-10 17:31:18,467796374203062.0,"El próximo jueves 10 de diciembre se cumplen dos años de la creación de la Fundación Compaz y para conmemorar esta fecha llevaremos a cabo la Primera #CumbreCompaz, un espacio en el que participará nuestroMás fundador Juan Manuel Santos y la directora general Paula Gaviria, así como varios invitados que han pasado por programas de Compaz. ¡Acompáñanos en nuestra celebración!",Esteban Murcia Forero,Doctor Juan Manuel Santos usted está dando ejemplo de como se debe comportar un expresidente. Gracias en verdad.
19,2020-12-10 17:31:18,467796374203062.0,"El próximo jueves 10 de diciembre se cumplen dos años de la creación de la Fundación Compaz y para conmemorar esta fecha llevaremos a cabo la Primera #CumbreCompaz, un espacio en el que participará nuestroMás fundador Juan Manuel Santos y la directora general Paula Gaviria, así como varios invitados que han pasado por programas de Compaz. ¡Acompáñanos en nuestra celebración!",Emiro Florez,"Gracias Santos, la paz tiene más enemigos que la guerra, por el hecho de que los corruptos y poderosos viven de ella."
20,2020-12-10 17:31:18,467796374203062.0,"El próximo jueves 10 de diciembre se cumplen dos años de la creación de la Fundación Compaz y para conmemorar esta fecha llevaremos a cabo la Primera #CumbreCompaz, un espacio en el que participará nuestroMás fundador Juan Manuel Santos y la directora general Paula Gaviria, así como varios invitados que han pasado por programas de Compaz. ¡Acompáñanos en nuestra celebración!",Edisson Arley Guerrero Josa,"Revisen las cifras de muertos y su gran disminución gracias al acuerdo, cada vida salvada es sagrada, gracias Santos, lástima tanta muerte de los Líderes sociales "
21,2020-12-10 17:31:18,467796374203062.0,"El próximo jueves 10 de diciembre se cumplen dos años de la creación de la Fundación Compaz y para conmemorar esta fecha llevaremos a cabo la Primera #CumbreCompaz, un espacio en el que participará nuestroMás fundador Juan Manuel Santos y la directora general Paula Gaviria, así como varios invitados que han pasado por programas de Compaz. ¡Acompáñanos en nuestra celebración!",Deisi de la Hoz,No hay ayuda de vivienda aquí en Barranquilla en villas San Pablo de verdad que hay casa que vive más 3 familia en esa casa pequeña eso no es umano
22,2020-12-10 17:31:18,467796374203062.0,"El próximo jueves 10 de diciembre se cumplen dos años de la creación de la Fundación Compaz y para conmemorar esta fecha llevaremos a cabo la Primera #CumbreCompaz, un espacio en el que participará nuestroMás fundador Juan Manuel Santos y la directora general Paula Gaviria, así como varios invitados que han pasado por programas de Compaz. ¡Acompáñanos en nuestra celebración!",Maria Isabel Ruiz Gonzalez,Nicolás te deseo de todo corazón que puedas cerrar heridas y puedas aportar un granito de mostaza en la construcción de un nuevo país y pienses en las futuras generaciones Dios te bendiga...
23,2020-12-10 17:31:18,467796374203062.0,"El próximo jueves 10 de diciembre se cumplen dos años de la creación de la Fundación Compaz y para conmemorar esta fecha llevaremos a cabo la Primera #CumbreCompaz, un espacio en el que participará nuestroMás fundador Juan Manuel Santos y la directora general Paula Gaviria, así como varios invitados que han pasado por programas de Compaz. ¡Acompáñanos en nuestra celebración!",Amparo Pérez,Usaid la forma cómo desde programas infantiles EEUU se adentra en los territorios y se apodera de la organización social de nuestras gentes en  favor de los amos del norte
24,2020-12-10 17:31:18,467796374203062.0,"El próximo jueves 10 de diciembre se cumplen dos años de la creación de la Fundación Compaz y para conmemorar esta fecha llevaremos a cabo la Primera #CumbreCompaz, un espacio en el que participará nuestroMás fundador Juan Manuel Santos y la directora general Paula Gaviria, así como varios invitados que han pasado por programas de Compaz. ¡Acompáñanos en nuestra celebración!",Reinaldo Cuenca Sandoval,Saludos a nuestro  Nobel de paz gran estadista el expresidente Santos siempre traigo acotación lo que dijo una mandataria prefiero una paz imperfecta que una guerra eterna 
25,2020-12-10 17:31:18,467796374203062.0,"El próximo jueves 10 de diciembre se cumplen dos años de la creación de la Fundación Compaz y para conmemorar esta fecha llevaremos a cabo la Primera #CumbreCompaz, un espacio en el que participará nuestroMás fundador Juan Manuel Santos y la directora general Paula Gaviria, así como varios invitados que han pasado por programas de Compaz. ¡Acompáñanos en nuestra celebración!",Anibal DE Jesus Muñoz Araque,Saludos Dr Juan Manuel Santos. Deseo verlo ocupando la Secretaría de las Naciones Unidas a nombre de Colombia. Gracias por dedicar su vida a pacificar a la nación.
26,2020-12-10 17:31:18,467796374203062.0,"El próximo jueves 10 de diciembre se cumplen dos años de la creación de la Fundación Compaz y para conmemorar esta fecha llevaremos a cabo la Primera #CumbreCompaz, un espacio en el que participará nuestroMás fundador Juan Manuel Santos y la directora general Paula Gaviria, así como varios invitados que han pasado por programas de Compaz. ¡Acompáñanos en nuestra celebración!",Anderson Tapiero Baquero,"@Cristales Travel & Adventure, @ Natupaz, emprendimientos locales de turismo en el Meta, que nacen gracias al proceso de paz."
27,2020-12-10 17:31:18,467796374203062.0,"El próximo jueves 10 de diciembre se cumplen dos años de la creación de la Fundación Compaz y para conmemorar esta fecha llevaremos a cabo la Primera #CumbreCompaz, un espacio en el que participará nuestroMás fundador Juan Manuel Santos y la directora general Paula Gaviria, así como varios invitados que han pasado por programas de Compaz. ¡Acompáñanos en nuestra celebración!",Marian Landazury,El compromiso de la Paz no es de unos ..es de todos que debemos conprometernos en este proceso de Paz..siempre queremos buscar culpable pero no aportamos nada sino obstaculizando
28,2020-12-10 17:31:18,467796374203062.0,"El próximo jueves 10 de diciembre se cumplen dos años de la creación de la Fundación Compaz y para conmemorar esta fecha llevaremos a cabo la Primera #CumbreCompaz, un espacio en el que participará nuestroMás fundador Juan Manuel Santos y la directora general Paula Gaviria, así como varios invitados que han pasado por programas de Compaz. ¡Acompáñanos en nuestra celebración!",Carlos Largo,"Respeto los puntos de vistas de cada uno ,pero para mí Juan Manuel Santos fue el mejor presidente de Colombia al menos trato de hacer las cosas bien con convicción y coherencia ."
29,2020-12-10 17:31:18,467796374203062.0,"El próximo jueves 10 de diciembre se cumplen dos años de la creación de la Fundación Compaz y para conmemorar esta fecha llevaremos a cabo la Primera #CumbreCompaz, un espacio en el que participará nuestroMás fundador Juan Manuel Santos y la directora general Paula Gaviria, así como varios invitados que han pasado por programas de Compaz. ¡Acompáñanos en nuestra celebración!",Pacho López,"La paz se construye, quedó servida para que el gob de Duque implementara el proceso, pero desde su campaña se empeñó en hacerla trizas"
30,2020-12-10 17:31:18,467796374203062.0,"El próximo jueves 10 de diciembre se cumplen dos años de la creación de la Fundación Compaz y para conmemorar esta fecha llevaremos a cabo la Primera #CumbreCompaz, un espacio en el que participará nuestroMás fundador Juan Manuel Santos y la directora general Paula Gaviria, así como varios invitados que han pasado por programas de Compaz. ¡Acompáñanos en nuestra celebración!",Juancarlos Ocampo Martinez,El presidente juan manual Santos siempre sera un ejemplondecpaz orgulloso de el y nondecestw Gobierno malo padre felicidades
31,2020-12-10 17:31:18,467796374203062.0,"El próximo jueves 10 de diciembre se cumplen dos años de la creación de la Fundación Compaz y para conmemorar esta fecha llevaremos a cabo la Primera #CumbreCompaz, un espacio en el que participará nuestroMás fundador Juan Manuel Santos y la directora general Paula Gaviria, así como varios invitados que han pasado por programas de Compaz. ¡Acompáñanos en nuestra celebración!",Gloria Pinzon,Gracias J. M. Santos por luchar por la PAZ EN COLOMBIA!!! NO PERMITIREMOS QUE LA DESTRUYAN!! ESTAMOS CON ID.
32,2020-12-10 17:31:18,467796374203062.0,"El próximo jueves 10 de diciembre se cumplen dos años de la creación de la Fundación Compaz y para conmemorar esta fecha llevaremos a cabo la Primera #CumbreCompaz, un espacio en el que participará nuestroMás fundador Juan Manuel Santos y la directora general Paula Gaviria, así como varios invitados que han pasado por programas de Compaz. ¡Acompáñanos en nuestra celebración!",Triunfadora Luz,🤛✌️👋🤝🥇🏆Presidente Santos gracias por tener ese hermoso corazón de paz para con los sufridos las personas del campo
33,2020-12-10 17:31:18,467796374203062.0,"El próximo jueves 10 de diciembre se cumplen dos años de la creación de la Fundación Compaz y para conmemorar esta fecha llevaremos a cabo la Primera #CumbreCompaz, un espacio en el que participará nuestroMás fundador Juan Manuel Santos y la directora general Paula Gaviria, así como varios invitados que han pasado por programas de Compaz. ¡Acompáñanos en nuestra celebración!",Daniela Sanchez,"Gracias presidente!, lastima que piensen dañar todo lo que con esfuerzo construirte , gracias a ti puedo decir que pude estudiar. "
34,2020-12-10 17:31:18,467796374203062.0,"El próximo jueves 10 de diciembre se cumplen dos años de la creación de la Fundación Compaz y para conmemorar esta fecha llevaremos a cabo la Primera #CumbreCompaz, un espacio en el que participará nuestroMás fundador Juan Manuel Santos y la directora general Paula Gaviria, así como varios invitados que han pasado por programas de Compaz. ¡Acompáñanos en nuestra celebración!",Adalberto Menco Puerta,Fraternal saludos desde Santiago de Tolú. Sigamos construyendo paz. Gracias presidente Santos.  Saludos Paula. 
35,2020-12-10 17:31:18,467796374203062.0,"El próximo jueves 10 de diciembre se cumplen dos años de la creación de la Fundación Compaz y para conmemorar esta fecha llevaremos a cabo la Primera #CumbreCompaz, un espacio en el que participará nuestroMás fundador Juan Manuel Santos y la directora general Paula Gaviria, así como varios invitados que han pasado por programas de Compaz. ¡Acompáñanos en nuestra celebración!",Carlos Largo,El problema de Colombia es no contar con una educación política en sus ciudadanos y entender la importancia de  la política .
36,2020-12-10 17:31:18,467796374203062.0,"El próximo jueves 10 de diciembre se cumplen dos años de la creación de la Fundación Compaz y para conmemorar esta fecha llevaremos a cabo la Primera #CumbreCompaz, un espacio en el que participará nuestroMás fundador Juan Manuel Santos y la directora general Paula Gaviria, así como varios invitados que han pasado por programas de Compaz. ¡Acompáñanos en nuestra celebración!",Emiro Florez,"soy Ing, Agroindustrial con maestria en desarrollo rural  en argentina, llevo experiencias para que el agro se fortalezca y genere dignidad al campo.. todo por la paz"
37,2020-12-10 17:31:18,467796374203062.0,"El próximo jueves 10 de diciembre se cumplen dos años de la creación de la Fundación Compaz y para conmemorar esta fecha llevaremos a cabo la Primera #CumbreCompaz, un espacio en el que participará nuestroMás fundador Juan Manuel Santos y la directora general Paula Gaviria, así como varios invitados que han pasado por programas de Compaz. ¡Acompáñanos en nuestra celebración!",Enrique Sandino,"Soy académico e investigador, y desde suecia trabajo para aportar a los esfuerzos de paz en nuestro país. Construir es la prioridad, y se necesitan todos los aportes posibles."
38,2020-12-10 17:31:18,467796374203062.0,"El próximo jueves 10 de diciembre se cumplen dos años de la creación de la Fundación Compaz y para conmemorar esta fecha llevaremos a cabo la Primera #CumbreCompaz, un espacio en el que participará nuestroMás fundador Juan Manuel Santos y la directora general Paula Gaviria, así como varios invitados que han pasado por programas de Compaz. ¡Acompáñanos en nuestra celebración!",Emiro Florez,"El desarrollo endógeno nace en las comunidades, y es de abajo hacia arriba, se voltea la pirámide y no es todos par uno, sino uno par todos.."
39,2020-12-10 17:31:18,467796374203062.0,"El próximo jueves 10 de diciembre se cumplen dos años de la creación de la Fundación Compaz y para conmemorar esta fecha llevaremos a cabo la Primera #CumbreCompaz, un espacio en el que participará nuestroMás fundador Juan Manuel Santos y la directora general Paula Gaviria, así como varios invitados que han pasado por programas de Compaz. ¡Acompáñanos en nuestra celebración!",Fabio Herrera Manyoma,Buenas tardes precidente Santos precidente colombia teama todo esto es posible si acudimos ala corté penal internacional de la Haya y de nunciar a todos estos corruptos 
40,2020-12-10 17:31:18,467796374203062.0,"El próximo jueves 10 de diciembre se cumplen dos años de la creación de la Fundación Compaz y para conmemorar esta fecha llevaremos a cabo la Primera #CumbreCompaz, un espacio en el que participará nuestroMás fundador Juan Manuel Santos y la directora general Paula Gaviria, así como varios invitados que han pasado por programas de Compaz. ¡Acompáñanos en nuestra celebración!",Daniela Sanchez,"Gracias presidente, este proceso es difícil pero hay que continuar muchas gracias por este espacio, es facil juzgar cuando no se viven las historias. "
41,2020-12-10 17:31:18,467796374203062.0,"El próximo jueves 10 de diciembre se cumplen dos años de la creación de la Fundación Compaz y para conmemorar esta fecha llevaremos a cabo la Primera #CumbreCompaz, un espacio en el que participará nuestroMás fundador Juan Manuel Santos y la directora general Paula Gaviria, así como varios invitados que han pasado por programas de Compaz. ¡Acompáñanos en nuestra celebración!",Gustavo Salazar Contereras,"Siempre estaremos con usted ,para mí fue el mejor presidente, debería lanzar un candidato que tenga el mismo videsi de paz"
42,2020-12-10 17:31:18,467796374203062.0,"El próximo jueves 10 de diciembre se cumplen dos años de la creación de la Fundación Compaz y para conmemorar esta fecha llevaremos a cabo la Primera #CumbreCompaz, un espacio en el que participará nuestroMás fundador Juan Manuel Santos y la directora general Paula Gaviria, así como varios invitados que han pasado por programas de Compaz. ¡Acompáñanos en nuestra celebración!",Mar Caribe,Sr Santos a donde destino el dinero entregado por el premio nobel... Y a donde fueron las ayudas entregadas cuando la balanza de Mocoa Putumayo? 
43,2020-12-10 17:31:18,467796374203062.0,"El próximo jueves 10 de diciembre se cumplen dos años de la creación de la Fundación Compaz y para conmemorar esta fecha llevaremos a cabo la Primera #CumbreCompaz, un espacio en el que participará nuestroMás fundador Juan Manuel Santos y la directora general Paula Gaviria, así como varios invitados que han pasado por programas de Compaz. ¡Acompáñanos en nuestra celebración!",Fabio Herrera Manyoma,Buenas tardes precidente Santos precidente colombia teama i para que todo esto sea posible hay que parar la muerte de los lideres sociales y que esté gobierno se largué de este país
44,2020-12-10 17:31:18,467796374203062.0,"El próximo jueves 10 de diciembre se cumplen dos años de la creación de la Fundación Compaz y para conmemorar esta fecha llevaremos a cabo la Primera #CumbreCompaz, un espacio en el que participará nuestroMás fundador Juan Manuel Santos y la directora general Paula Gaviria, así como varios invitados que han pasado por programas de Compaz. ¡Acompáñanos en nuestra celebración!",Ligia Pava Garcia,"Gracias presidente Juan Manuel Santos por este gran logro, siempre lo apoyaremos para seguir trabajando por la paz.. 🙏"
45,2020-12-10 17:31:18,467796374203062.0,"El próximo jueves 10 de diciembre se cumplen dos años de la creación de la Fundación Compaz y para conmemorar esta fecha llevaremos a cabo la Primera #CumbreCompaz, un espacio en el que participará nuestroMás fundador Juan Manuel Santos y la directora general Paula Gaviria, así como varios invitados que han pasado por programas de Compaz. ¡Acompáñanos en nuestra celebración!",Pedro Daniel Cortes Orejarena,Presidente Santos ud tiene que seguir cuidando este proceso de paz. Fue sin duda el logro más importante de toda la historia. 
46,2020-12-10 17:31:18,467796374203062.0,"El próximo jueves 10 de diciembre se cumplen dos años de la creación de la Fundación Compaz y para conmemorar esta fecha llevaremos a cabo la Primera #CumbreCompaz, un espacio en el que participará nuestroMás fundador Juan Manuel Santos y la directora general Paula Gaviria, así como varios invitados que han pasado por programas de Compaz. ¡Acompáñanos en nuestra celebración!",Adolfo Leon Cotes Gonzalez,Las fallas en la comunicación se debe al abandono  del Estado por parte de las TIC (Mincomunicaciones).
47,2020-12-10 17:31:18,467796374203062.0,"El próximo jueves 10 de diciembre se cumplen dos años de la creación de la Fundación Compaz y para conmemorar esta fecha llevaremos a cabo la Primera #CumbreCompaz, un espacio en el que participará nuestroMás fundador Juan Manuel Santos y la directora general Paula Gaviria, así como varios invitados que han pasado por programas de Compaz. ¡Acompáñanos en nuestra celebración!",Javier Aloonso Barrera Chica,"La Paz es una cultura de vida, por eso hay que comenzar con nuestros niños, para que ellos crezcan con esta cultura."
48,2020-12-10 17:31:18,467796374203062.0,"El próximo jueves 10 de diciembre se cumplen dos años de la creación de la Fundación Compaz y para conmemorar esta fecha llevaremos a cabo la Primera #CumbreCompaz, un espacio en el que participará nuestroMás fundador Juan Manuel Santos y la directora general Paula Gaviria, así como varios invitados que han pasado por programas de Compaz. ¡Acompáñanos en nuestra celebración!",Aicardo Perea Sanchez,"Lo mejor que le a podido pasar al país en toda su historia,  la forma de los acuerdos de paz, toda mi admiración y respeto al presidente Santos "
49,2020-12-10 17:31:18,467796374203062.0,"El próximo jueves 10 de diciembre se cumplen dos años de la creación de la Fundación Compaz y para conmemorar esta fecha llevaremos a cabo la Primera #CumbreCompaz, un espacio en el que participará nuestroMás fundador Juan Manuel Santos y la directora general Paula Gaviria, así como varios invitados que han pasado por programas de Compaz. ¡Acompáñanos en nuestra celebración!",Camilo Celis Alvarez,"Saludos al mejor presidente que ha tenido Colombia, acabo un conflicto armado de mas de medio siglo. Saludos presidente Juan Manuel Santos. "
50,2020-12-10 17:31:18,467796374203062.0,"El próximo jueves 10 de diciembre se cumplen dos años de la creación de la Fundación Compaz y para conmemorar esta fecha llevaremos a cabo la Primera #CumbreCompaz, un espacio en el que participará nuestroMás fundador Juan Manuel Santos y la directora general Paula Gaviria, así como varios invitados que han pasado por programas de Compaz. ¡Acompáñanos en nuestra celebración!",Cesar Garcia,"Se le acabo ese discurso chimbo de la ""pa$$"", ahora alistese para la comision de acusacion, devuelva la plata del nobel, devuelva la plata de mocoa y toda la plata que se robo con el acuerdo habanero, tramposo"
51,2020-12-10 17:31:18,467796374203062.0,"El próximo jueves 10 de diciembre se cumplen dos años de la creación de la Fundación Compaz y para conmemorar esta fecha llevaremos a cabo la Primera #CumbreCompaz, un espacio en el que participará nuestroMás fundador Juan Manuel Santos y la directora general Paula Gaviria, así como varios invitados que han pasado por programas de Compaz. ¡Acompáñanos en nuestra celebración!",Luis Alberto Leon Ardila,Presidente Santos un héroe de la PAZ. Evito muchas muertes cuando le quitó el manejo a la Federación de Ganaderos de los Frigoríficos con lo que se financiaba la guerra. Por ese tema fue el disgusto de los Uribestias.
52,2020-12-10 17:31:18,467796374203062.0,"El próximo jueves 10 de diciembre se cumplen dos años de la creación de la Fundación Compaz y para conmemorar esta fecha llevaremos a cabo la Primera #CumbreCompaz, un espacio en el que participará nuestroMás fundador Juan Manuel Santos y la directora general Paula Gaviria, así como varios invitados que han pasado por programas de Compaz. ¡Acompáñanos en nuestra celebración!",Thomas Grace,"El nobel colombiano que para algunos no lo es, pero para muchos Sí, presidente para la historia de Colombia que siempre recordaremos como un presidente con pantalones, y eso sí dualale a quien le duela. #ArribaSantos "
53,2020-12-10 17:31:18,467796374203062.0,"El próximo jueves 10 de diciembre se cumplen dos años de la creación de la Fundación Compaz y para conmemorar esta fecha llevaremos a cabo la Primera #CumbreCompaz, un espacio en el que participará nuestroMás fundador Juan Manuel Santos y la directora general Paula Gaviria, así como varios invitados que han pasado por programas de Compaz. ¡Acompáñanos en nuestra celebración!",NC Luna Monroy,"No importa qué esté gobierno quiera enlodar lo hecho, pues ellos solo generan guerra, lo importante se sembró la semilla, no es fácil la paciencia es un fruto duró, pero lo lograremos solos más los buenos que los malos!!!"
54,2020-12-10 17:31:18,467796374203062.0,"El próximo jueves 10 de diciembre se cumplen dos años de la creación de la Fundación Compaz y para conmemorar esta fecha llevaremos a cabo la Primera #CumbreCompaz, un espacio en el que participará nuestroMás fundador Juan Manuel Santos y la directora general Paula Gaviria, así como varios invitados que han pasado por programas de Compaz. ¡Acompáñanos en nuestra celebración!",Ari de Restrepo,Que orgullo 👏👏mi expresidente Santos.Premio nobel de la paz.El mejor Presidente que hemos tenido.👍👏🙏🏼
55,2020-12-10 17:31:18,467796374203062.0,"El próximo jueves 10 de diciembre se cumplen dos años de la creación de la Fundación Compaz y para conmemorar esta fecha llevaremos a cabo la Primera #CumbreCompaz, un espacio en el que participará nuestroMás fundador Juan Manuel Santos y la directora general Paula Gaviria, así como varios invitados que han pasado por programas de Compaz. ¡Acompáñanos en nuestra celebración!",Elena Patricia Capera,Se debe continuar con el proceso de paz  ya es hora que  en Colombia 🇨🇴 reine la paz la tranquilidad y debemos ser  generadores de valores y principios enseñarles a las futuras generaciones que se puede vivir en tranquilidad 
56,2020-12-10 17:31:18,467796374203062.0,"El próximo jueves 10 de diciembre se cumplen dos años de la creación de la Fundación Compaz y para conmemorar esta fecha llevaremos a cabo la Primera #CumbreCompaz, un espacio en el que participará nuestroMás fundador Juan Manuel Santos y la directora general Paula Gaviria, así como varios invitados que han pasado por programas de Compaz. ¡Acompáñanos en nuestra celebración!",Magda Stella Lombo Escobar,Muy interesante  buena gestión felicitaciones por los dos años de constancia  y lucha no ha ido facil pero con compaz vemos esperanza
57,2020-12-10 17:31:18,467796374203062.0,"El próximo jueves 10 de diciembre se cumplen dos años de la creación de la Fundación Compaz y para conmemorar esta fecha llevaremos a cabo la Primera #CumbreCompaz, un espacio en el que participará nuestroMás fundador Juan Manuel Santos y la directora general Paula Gaviria, así como varios invitados que han pasado por programas de Compaz. ¡Acompáñanos en nuestra celebración!",Benjamin Castillo Herrera,Muchas gracias al Dr Santos y la Sra Paula Gaviria  Hoy las Palmas Bolivar volvió a surgir  Con el apoyo q le brindo a las víctimas de las Palmas Bolivar Díos Los Bendiga Fuerte abrazo
58,2020-12-10 17:31:18,467796374203062.0,"El próximo jueves 10 de diciembre se cumplen dos años de la creación de la Fundación Compaz y para conmemorar esta fecha llevaremos a cabo la Primera #CumbreCompaz, un espacio en el que participará nuestroMás fundador Juan Manuel Santos y la directora general Paula Gaviria, así como varios invitados que han pasado por programas de Compaz. ¡Acompáñanos en nuestra celebración!",Pilar Moreno C,"Desde sogamoso Boyacá un saludo muy especial a nuestro NOBEL DE LA PAZ Juan Manuel Santos, GRACIAS por todo lo que ha echo por la PAZ."
59,2020-12-10 17:31:18,467796374203062.0,"El próximo jueves 10 de diciembre se cumplen dos años de la creación de la Fundación Compaz y para conmemorar esta fecha llevaremos a cabo la Primera #CumbreCompaz, un espacio en el que participará nuestroMás fundador Juan Manuel Santos y la directora general Paula Gaviria, así como varios invitados que han pasado por programas de Compaz. ¡Acompáñanos en nuestra celebración!",Ali Alito Ibrahim Fakih,"Siga trabajando por la Paz Presidente, usted le dijo no a los violentos que son menorías, gracias por escuchar el clamor del pueblo colombiano, saludos desde Maicao La Guajira, Zona q está Olvidada por el gobierno de turno  "
60,2020-12-10 17:31:18,467796374203062.0,"El próximo jueves 10 de diciembre se cumplen dos años de la creación de la Fundación Compaz y para conmemorar esta fecha llevaremos a cabo la Primera #CumbreCompaz, un espacio en el que participará nuestroMás fundador Juan Manuel Santos y la directora general Paula Gaviria, así como varios invitados que han pasado por programas de Compaz. ¡Acompáñanos en nuestra celebración!",Serafin Castro,"Expresidente, yo soy un líder social del Municipio de Dolores Tolima, y quiero hacer parte de este programa, siempre he apoyado el proceso de PAZ."
61,2020-12-10 17:31:18,467796374203062.0,"El próximo jueves 10 de diciembre se cumplen dos años de la creación de la Fundación Compaz y para conmemorar esta fecha llevaremos a cabo la Primera #CumbreCompaz, un espacio en el que participará nuestroMás fundador Juan Manuel Santos y la directora general Paula Gaviria, así como varios invitados que han pasado por programas de Compaz. ¡Acompáñanos en nuestra celebración!",Martha Dominguez de Soto,Gracias por jugársela por la paz.Seguiremos apoyándola así no sea perfecta es mil veces mejor que la guerra 
62,2020-12-10 17:31:18,467796374203062.0,"El próximo jueves 10 de diciembre se cumplen dos años de la creación de la Fundación Compaz y para conmemorar esta fecha llevaremos a cabo la Primera #CumbreCompaz, un espacio en el que participará nuestroMás fundador Juan Manuel Santos y la directora general Paula Gaviria, así como varios invitados que han pasado por programas de Compaz. ¡Acompáñanos en nuestra celebración!",Ruth Valderrama De Bayona,"Nos dejó en el camino correcto. Para claridad, no se debieron llamar acuerdos de paz sino acuerdos para la paz. "
63,2020-12-10 17:31:18,467796374203062.0,"El próximo jueves 10 de diciembre se cumplen dos años de la creación de la Fundación Compaz y para conmemorar esta fecha llevaremos a cabo la Primera #CumbreCompaz, un espacio en el que participará nuestroMás fundador Juan Manuel Santos y la directora general Paula Gaviria, así como varios invitados que han pasado por programas de Compaz. ¡Acompáñanos en nuestra celebración!",Juancarlos Antolinespan,"La iniciativa de de paz es de construir y de hacer las paces y de no seguir en guerras.,pero hay unos que nos les gusta por que se acabará el negocio."
64,2020-12-10 17:31:18,467796374203062.0,"El próximo jueves 10 de diciembre se cumplen dos años de la creación de la Fundación Compaz y para conmemorar esta fecha llevaremos a cabo la Primera #CumbreCompaz, un espacio en el que participará nuestroMás fundador Juan Manuel Santos y la directora general Paula Gaviria, así como varios invitados que han pasado por programas de Compaz. ¡Acompáñanos en nuestra celebración!",Gloria Marin Cardona,Todo el presupuesto que se maneja para la guerra debe utilizarse para la educación  y el cambio social.
65,2020-12-10 17:31:18,467796374203062.0,"El próximo jueves 10 de diciembre se cumplen dos años de la creación de la Fundación Compaz y para conmemorar esta fecha llevaremos a cabo la Primera #CumbreCompaz, un espacio en el que participará nuestroMás fundador Juan Manuel Santos y la directora general Paula Gaviria, así como varios invitados que han pasado por programas de Compaz. ¡Acompáñanos en nuestra celebración!",Rosa Oliva Salazar,felicito al ceñor Juan Manuel santos por sugran programa qevendicion enayuda delo mas nececitados qe Dioslos vendiga iqe todo cea un eccto enlavendiciondeDios
66,2020-12-10 17:31:18,467796374203062.0,"El próximo jueves 10 de diciembre se cumplen dos años de la creación de la Fundación Compaz y para conmemorar esta fecha llevaremos a cabo la Primera #CumbreCompaz, un espacio en el que participará nuestroMás fundador Juan Manuel Santos y la directora general Paula Gaviria, así como varios invitados que han pasado por programas de Compaz. ¡Acompáñanos en nuestra celebración!",Leonardo Rangel,"Cual Paz?? Acá no hubo ninguna paz, lo que paso fue un acuerdo de impunidad entre los narcoterroristas de FARC y Santos, el Nobelbreth"
67,2020-12-10 17:31:18,467796374203062.0,"El próximo jueves 10 de diciembre se cumplen dos años de la creación de la Fundación Compaz y para conmemorar esta fecha llevaremos a cabo la Primera #CumbreCompaz, un espacio en el que participará nuestroMás fundador Juan Manuel Santos y la directora general Paula Gaviria, así como varios invitados que han pasado por programas de Compaz. ¡Acompáñanos en nuestra celebración!",Emil Jose Salgado Soto,La paz es lo mejor del país dios bendiga a quienes sacan a las personas del conflicto a Juan Manuel 
68,2020-12-10 17:31:18,467796374203062.0,"El próximo jueves 10 de diciembre se cumplen dos años de la creación de la Fundación Compaz y para conmemorar esta fecha llevaremos a cabo la Primera #CumbreCompaz, un espacio en el que participará nuestroMás fundador Juan Manuel Santos y la directora general Paula Gaviria, así como varios invitados que han pasado por programas de Compaz. ¡Acompáñanos en nuestra celebración!",Erika Huertas Martin,"En Villavicencio, en la Galería Siete de Agosto un a organizacion de excombatientes exhiben y vendes sus productos. Tienen su local bellísimo y desde la inauguración hace una semana ya han hecho tantos alianzas con empresarios y campesinos. "
69,2020-12-10 17:31:18,467796374203062.0,"El próximo jueves 10 de diciembre se cumplen dos años de la creación de la Fundación Compaz y para conmemorar esta fecha llevaremos a cabo la Primera #CumbreCompaz, un espacio en el que participará nuestroMás fundador Juan Manuel Santos y la directora general Paula Gaviria, así como varios invitados que han pasado por programas de Compaz. ¡Acompáñanos en nuestra celebración!",Alejandro Cisf,la paz es un acto de memoria privilegiado ;) sienpre hay gratitud para la persona que trabaja por ella
70,2020-12-10 17:31:18,467796374203062.0,"El próximo jueves 10 de diciembre se cumplen dos años de la creación de la Fundación Compaz y para conmemorar esta fecha llevaremos a cabo la Primera #CumbreCompaz, un espacio en el que participará nuestroMás fundador Juan Manuel Santos y la directora general Paula Gaviria, así como varios invitados que han pasado por programas de Compaz. ¡Acompáñanos en nuestra celebración!",Maria Isabel Ruiz Gonzalez,"Aquí seguimos millones de colombianos en nombre de Dios perseverando en la construcción de un mejor país para las futuras generaciones, presidente Santos persevere junto a nosotros no permita que ese sueño nos lo arrebaten los enemigos de la paz✋"
71,2020-12-10 17:31:18,467796374203062.0,"El próximo jueves 10 de diciembre se cumplen dos años de la creación de la Fundación Compaz y para conmemorar esta fecha llevaremos a cabo la Primera #CumbreCompaz, un espacio en el que participará nuestroMás fundador Juan Manuel Santos y la directora general Paula Gaviria, así como varios invitados que han pasado por programas de Compaz. ¡Acompáñanos en nuestra celebración!",Magali Reales,Mi admiración siempre Premio Nobel y orgullo para quienes creímos en la Paz.
72,2020-12-10 17:31:18,467796374203062.0,"El próximo jueves 10 de diciembre se cumplen dos años de la creación de la Fundación Compaz y para conmemorar esta fecha llevaremos a cabo la Primera #CumbreCompaz, un espacio en el que participará nuestroMás fundador Juan Manuel Santos y la directora general Paula Gaviria, así como varios invitados que han pasado por programas de Compaz. ¡Acompáñanos en nuestra celebración!",Oscar Luis Fernández Ruiz,Todo el reconocimiento por su dedicación en sacar avante el proceso de paz.
73,2020-12-10 17:31:18,467796374203062.0,"El próximo jueves 10 de diciembre se cumplen dos años de la creación de la Fundación Compaz y para conmemorar esta fecha llevaremos a cabo la Primera #CumbreCompaz, un espacio en el que participará nuestroMás fundador Juan Manuel Santos y la directora general Paula Gaviria, así como varios invitados que han pasado por programas de Compaz. ¡Acompáñanos en nuestra celebración!",Pilar Posada,El único que ha trabajado por La Paz en este país! Gracias mil!!!
74,2020-12-10 17:31:18,467796374203062.0,"El próximo jueves 10 de diciembre se cumplen dos años de la creación de la Fundación Compaz y para conmemorar esta fecha llevaremos a cabo la Primera #CumbreCompaz, un espacio en el que participará nuestroMás fundador Juan Manuel Santos y la directora general Paula Gaviria, así como varios invitados que han pasado por programas de Compaz. ¡Acompáñanos en nuestra celebración!",Antonio J. Granados P.,"CUANDO ENTENDERA LA ""OPOSICION""..QUE SIN PAZ, NO HAY FUTURO PARA NADIE, ASI DE SIMPLE........."
75,2020-12-10 17:31:18,467796374203062.0,"El próximo jueves 10 de diciembre se cumplen dos años de la creación de la Fundación Compaz y para conmemorar esta fecha llevaremos a cabo la Primera #CumbreCompaz, un espacio en el que participará nuestroMás fundador Juan Manuel Santos y la directora general Paula Gaviria, así como varios invitados que han pasado por programas de Compaz. ¡Acompáñanos en nuestra celebración!",Halma Castellanos,Siempre adelante...todos podemos...unidos y con un corazon sin odios...siempre la apoyaremos...
76,2020-12-10 17:31:18,467796374203062.0,"El próximo jueves 10 de diciembre se cumplen dos años de la creación de la Fundación Compaz y para conmemorar esta fecha llevaremos a cabo la Primera #CumbreCompaz, un espacio en el que participará nuestroMás fundador Juan Manuel Santos y la directora general Paula Gaviria, así como varios invitados que han pasado por programas de Compaz. ¡Acompáñanos en nuestra celebración!",Gonzalo Lasso,"En el mundo muy pocas personas han tenido la gran suerte de ser presidentes 2 periodos, hizo el acuerdo de la paz, con falencias y obtener el premio Nobel de la paz ,eso no se gana de la noche a la mañana, muchos lucharon para alcanzar todo esto y no lo lograron."
77,2020-12-10 17:31:18,467796374203062.0,"El próximo jueves 10 de diciembre se cumplen dos años de la creación de la Fundación Compaz y para conmemorar esta fecha llevaremos a cabo la Primera #CumbreCompaz, un espacio en el que participará nuestroMás fundador Juan Manuel Santos y la directora general Paula Gaviria, así como varios invitados que han pasado por programas de Compaz. ¡Acompáñanos en nuestra celebración!",Gloria Nancy Figueredo Rivera,Presidente siempre será una alegría verlo y escucharlo 
78,2020-12-10 17:31:18,467796374203062.0,"El próximo jueves 10 de diciembre se cumplen dos años de la creación de la Fundación Compaz y para conmemorar esta fecha llevaremos a cabo la Primera #CumbreCompaz, un espacio en el que participará nuestroMás fundador Juan Manuel Santos y la directora general Paula Gaviria, así como varios invitados que han pasado por programas de Compaz. ¡Acompáñanos en nuestra celebración!",Delia Lozano Prada,"Que diferencia la educación, clase, respeto  de la familia  Santos. A la que tenemos ahora "
79,2020-12-10 17:31:18,467796374203062.0,"El próximo jueves 10 de diciembre se cumplen dos años de la creación de la Fundación Compaz y para conmemorar esta fecha llevaremos a cabo la Primera #CumbreCompaz, un espacio en el que participará nuestroMás fundador Juan Manuel Santos y la directora general Paula Gaviria, así como varios invitados que han pasado por programas de Compaz. ¡Acompáñanos en nuestra celebración!",Jaime Vargas,"Muy bien. Santos el mejor presidente que ha tenido Colombia.dios lo bendiga, y gracias ."
80,2020-12-10 17:31:18,467796374203062.0,"El próximo jueves 10 de diciembre se cumplen dos años de la creación de la Fundación Compaz y para conmemorar esta fecha llevaremos a cabo la Primera #CumbreCompaz, un espacio en el que participará nuestroMás fundador Juan Manuel Santos y la directora general Paula Gaviria, así como varios invitados que han pasado por programas de Compaz. ¡Acompáñanos en nuestra celebración!",Giselle Arroyave,Saludes desde el vaupes Dr.Santos💚 gracias por la paz...
81,2020-12-10 17:31:18,467796374203062.0,"El próximo jueves 10 de diciembre se cumplen dos años de la creación de la Fundación Compaz y para conmemorar esta fecha llevaremos a cabo la Primera #CumbreCompaz, un espacio en el que participará nuestroMás fundador Juan Manuel Santos y la directora general Paula Gaviria, así como varios invitados que han pasado por programas de Compaz. ¡Acompáñanos en nuestra celebración!",Luz Marina Diaz Granados,El mejor Presidente que ha tenido Colombia
82,2020-12-10 17:31:18,467796374203062.0,"El próximo jueves 10 de diciembre se cumplen dos años de la creación de la Fundación Compaz y para conmemorar esta fecha llevaremos a cabo la Primera #CumbreCompaz, un espacio en el que participará nuestroMás fundador Juan Manuel Santos y la directora general Paula Gaviria, así como varios invitados que han pasado por programas de Compaz. ¡Acompáñanos en nuestra celebración!",Jacqueline Barros,"Gracias, al mejor presidente que hemos tenido..."
83,2020-12-10 17:31:18,467796374203062.0,"El próximo jueves 10 de diciembre se cumplen dos años de la creación de la Fundación Compaz y para conmemorar esta fecha llevaremos a cabo la Primera #CumbreCompaz, un espacio en el que participará nuestroMás fundador Juan Manuel Santos y la directora general Paula Gaviria, así como varios invitados que han pasado por programas de Compaz. ¡Acompáñanos en nuestra celebración!",Oscar Bastidas Ledesma,El mejor precidente que a tenido Colombia en los últimos años
84,2020-12-10 17:31:18,467796374203062.0,"El próximo jueves 10 de diciembre se cumplen dos años de la creación de la Fundación Compaz y para conmemorar esta fecha llevaremos a cabo la Primera #CumbreCompaz, un espacio en el que participará nuestroMás fundador Juan Manuel Santos y la directora general Paula Gaviria, así como varios invitados que han pasado por programas de Compaz. ¡Acompáñanos en nuestra celebración!",Jorge Eliécer Rico Gutiérrez,Presidente miles de jóvenes hoy son profesionales gracias a usted
85,2020-12-10 17:31:18,467796374203062.0,"El próximo jueves 10 de diciembre se cumplen dos años de la creación de la Fundación Compaz y para conmemorar esta fecha llevaremos a cabo la Primera #CumbreCompaz, un espacio en el que participará nuestroMás fundador Juan Manuel Santos y la directora general Paula Gaviria, así como varios invitados que han pasado por programas de Compaz. ¡Acompáñanos en nuestra celebración!",David Pérez,Que gusto ver a Juan Manuel Santos. Mi profunda admiración. 
86,2020-12-10 17:31:18,467796374203062.0,"El próximo jueves 10 de diciembre se cumplen dos años de la creación de la Fundación Compaz y para conmemorar esta fecha llevaremos a cabo la Primera #CumbreCompaz, un espacio en el que participará nuestroMás fundador Juan Manuel Santos y la directora general Paula Gaviria, así como varios invitados que han pasado por programas de Compaz. ¡Acompáñanos en nuestra celebración!",Gonzalo Lasso,"La Paz de Colombia , fué y será algo inolvidable que hizo el presidente , Santos."
87,2020-12-10 17:31:18,467796374203062.0,"El próximo jueves 10 de diciembre se cumplen dos años de la creación de la Fundación Compaz y para conmemorar esta fecha llevaremos a cabo la Primera #CumbreCompaz, un espacio en el que participará nuestroMás fundador Juan Manuel Santos y la directora general Paula Gaviria, así como varios invitados que han pasado por programas de Compaz. ¡Acompáñanos en nuestra celebración!",Javier A. del Castillo,"Gracias, expresidente Santos por la Paz, aunque sea imperfecta."
88,2020-12-10 17:31:18,467796374203062.0,"El próximo jueves 10 de diciembre se cumplen dos años de la creación de la Fundación Compaz y para conmemorar esta fecha llevaremos a cabo la Primera #CumbreCompaz, un espacio en el que participará nuestroMás fundador Juan Manuel Santos y la directora general Paula Gaviria, así como varios invitados que han pasado por programas de Compaz. ¡Acompáñanos en nuestra celebración!",David Barrera Alba,"My president, éramos felices y no lo sabíamos 😔😭🥺"
89,2020-12-10 17:31:18,467796374203062.0,"El próximo jueves 10 de diciembre se cumplen dos años de la creación de la Fundación Compaz y para conmemorar esta fecha llevaremos a cabo la Primera #CumbreCompaz, un espacio en el que participará nuestroMás fundador Juan Manuel Santos y la directora general Paula Gaviria, así como varios invitados que han pasado por programas de Compaz. ¡Acompáñanos en nuestra celebración!",Oscar Gabriel Franco Laverde,Presidente gracias !
90,2020-12-10 17:31:18,467796374203062.0,"El próximo jueves 10 de diciembre se cumplen dos años de la creación de la Fundación Compaz y para conmemorar esta fecha llevaremos a cabo la Primera #CumbreCompaz, un espacio en el que participará nuestroMás fundador Juan Manuel Santos y la directora general Paula Gaviria, así como varios invitados que han pasado por programas de Compaz. ¡Acompáñanos en nuestra celebración!",Diana Diaz,Gracias Santos por un anhelo de Paz que nos brindó y ahora nos quieren negar. 
91,2020-12-10 17:31:18,467796374203062.0,"El próximo jueves 10 de diciembre se cumplen dos años de la creación de la Fundación Compaz y para conmemorar esta fecha llevaremos a cabo la Primera #CumbreCompaz, un espacio en el que participará nuestroMás fundador Juan Manuel Santos y la directora general Paula Gaviria, así como varios invitados que han pasado por programas de Compaz. ¡Acompáñanos en nuestra celebración!",M Judith Beltran,"Dr Juan Manuel, lo hizo muy bien ...gracias por lo que hizo en favor de La Paz..."
92,2020-12-10 17:31:18,467796374203062.0,"El próximo jueves 10 de diciembre se cumplen dos años de la creación de la Fundación Compaz y para conmemorar esta fecha llevaremos a cabo la Primera #CumbreCompaz, un espacio en el que participará nuestroMás fundador Juan Manuel Santos y la directora general Paula Gaviria, así como varios invitados que han pasado por programas de Compaz. ¡Acompáñanos en nuestra celebración!",William Rojas Moreno,Nelson Humberto Ortiz Garnica. Respeto para nuestro ilustre expresidente!!
93,2020-12-10 17:31:18,467796374203062.0,"El próximo jueves 10 de diciembre se cumplen dos años de la creación de la Fundación Compaz y para conmemorar esta fecha llevaremos a cabo la Primera #CumbreCompaz, un espacio en el que participará nuestroMás fundador Juan Manuel Santos y la directora general Paula Gaviria, así como varios invitados que han pasado por programas de Compaz. ¡Acompáñanos en nuestra celebración!",اُسيريس بيريس بيريس,Usted es un hombre inteligente y esperemos que todo salga bien. Feliz Navidad Sr Santos
94,2020-12-10 17:31:18,467796374203062.0,"El próximo jueves 10 de diciembre se cumplen dos años de la creación de la Fundación Compaz y para conmemorar esta fecha llevaremos a cabo la Primera #CumbreCompaz, un espacio en el que participará nuestroMás fundador Juan Manuel Santos y la directora general Paula Gaviria, así como varios invitados que han pasado por programas de Compaz. ¡Acompáñanos en nuestra celebración!",Diego Rivas,"Mi querido presidente, lo extraño muchísimo, que excelente presidente fue "
95,2020-12-10 17:31:18,467796374203062.0,"El próximo jueves 10 de diciembre se cumplen dos años de la creación de la Fundación Compaz y para conmemorar esta fecha llevaremos a cabo la Primera #CumbreCompaz, un espacio en el que participará nuestroMás fundador Juan Manuel Santos y la directora general Paula Gaviria, así como varios invitados que han pasado por programas de Compaz. ¡Acompáñanos en nuestra celebración!",Guillermo Samudio Forero,"Cordial saludo Dr, Santos.  Gracias por su trabajo en pro de la paz para Colombia."
96,2020-12-10 17:31:18,467796374203062.0,"El próximo jueves 10 de diciembre se cumplen dos años de la creación de la Fundación Compaz y para conmemorar esta fecha llevaremos a cabo la Primera #CumbreCompaz, un espacio en el que participará nuestroMás fundador Juan Manuel Santos y la directora general Paula Gaviria, así como varios invitados que han pasado por programas de Compaz. ¡Acompáñanos en nuestra celebración!",Luis Enrique Esteban,Este tipo que diablos hace si lo que hizo fue entregar el país a la guerrilla 
97,2020-12-10 17:31:18,467796374203062.0,"El próximo jueves 10 de diciembre se cumplen dos años de la creación de la Fundación Compaz y para conmemorar esta fecha llevaremos a cabo la Primera #CumbreCompaz, un espacio en el que participará nuestroMás fundador Juan Manuel Santos y la directora general Paula Gaviria, así como varios invitados que han pasado por programas de Compaz. ¡Acompáñanos en nuestra celebración!",Jorge Eliécer Rico Gutiérrez,El mejor proyecto educativo de todos los tiempos. La paz se construye con educación. Gracias.
98,2020-12-10 17:31:18,467796374203062.0,"El próximo jueves 10 de diciembre se cumplen dos años de la creación de la Fundación Compaz y para conmemorar esta fecha llevaremos a cabo la Primera #CumbreCompaz, un espacio en el que participará nuestroMás fundador Juan Manuel Santos y la directora general Paula Gaviria, así como varios invitados que han pasado por programas de Compaz. ¡Acompáñanos en nuestra celebración!",Leo Gutierrez,El mejor presidente de la historia 
99,2020-12-10 17:31:18,467796374203062.0,"El próximo jueves 10 de diciembre se cumplen dos años de la creación de la Fundación Compaz y para conmemorar esta fecha llevaremos a cabo la Primera #CumbreCompaz, un espacio en el que participará nuestroMás fundador Juan Manuel Santos y la directora general Paula Gaviria, así como varios invitados que han pasado por programas de Compaz. ¡Acompáñanos en nuestra celebración!",Cata María,La firma del acuerdo es el gran primer paso; unidos podemos enseñarla a caminar! 💪🏼
100,2020-12-10 17:31:18,467796374203062.0,"El próximo jueves 10 de diciembre se cumplen dos años de la creación de la Fundación Compaz y para conmemorar esta fecha llevaremos a cabo la Primera #CumbreCompaz, un espacio en el que participará nuestroMás fundador Juan Manuel Santos y la directora general Paula Gaviria, así como varios invitados que han pasado por programas de Compaz. ¡Acompáñanos en nuestra celebración!",Emiro Florez,"Presidente Santos, Cuente conmigo en este magno proyecto, será mi mejor legado"
101,2020-12-10 17:31:18,467796374203062.0,"El próximo jueves 10 de diciembre se cumplen dos años de la creación de la Fundación Compaz y para conmemorar esta fecha llevaremos a cabo la Primera #CumbreCompaz, un espacio en el que participará nuestroMás fundador Juan Manuel Santos y la directora general Paula Gaviria, así como varios invitados que han pasado por programas de Compaz. ¡Acompáñanos en nuestra celebración!",Anthony Andrés Manotas Ahumada,Excelente presidente! 
102,2020-12-10 17:31:18,467796374203062.0,"El próximo jueves 10 de diciembre se cumplen dos años de la creación de la Fundación Compaz y para conmemorar esta fecha llevaremos a cabo la Primera #CumbreCompaz, un espacio en el que participará nuestroMás fundador Juan Manuel Santos y la directora general Paula Gaviria, así como varios invitados que han pasado por programas de Compaz. ¡Acompáñanos en nuestra celebración!",Jimena Rodríguez,"Gracias por esas palabras, despertar y trabajar en comunidad, lindo y necesario mensaje"
103,2020-12-10 17:31:18,467796374203062.0,"El próximo jueves 10 de diciembre se cumplen dos años de la creación de la Fundación Compaz y para conmemorar esta fecha llevaremos a cabo la Primera #CumbreCompaz, un espacio en el que participará nuestroMás fundador Juan Manuel Santos y la directora general Paula Gaviria, así como varios invitados que han pasado por programas de Compaz. ¡Acompáñanos en nuestra celebración!",Tulia G. Perez Romero,"Buenas tardes :Mi respeto, admiración y cariño, al mejor dirigente de todos los tiempos. "
104,2020-12-10 17:31:18,467796374203062.0,"El próximo jueves 10 de diciembre se cumplen dos años de la creación de la Fundación Compaz y para conmemorar esta fecha llevaremos a cabo la Primera #CumbreCompaz, un espacio en el que participará nuestroMás fundador Juan Manuel Santos y la directora general Paula Gaviria, así como varios invitados que han pasado por programas de Compaz. ¡Acompáñanos en nuestra celebración!",Triunfadora Luz,Mi admiración y respeto a todos estas personas solidarias Dios los bendiga 
105,2020-12-10 17:31:18,467796374203062.0,"El próximo jueves 10 de diciembre se cumplen dos años de la creación de la Fundación Compaz y para conmemorar esta fecha llevaremos a cabo la Primera #CumbreCompaz, un espacio en el que participará nuestroMás fundador Juan Manuel Santos y la directora general Paula Gaviria, así como varios invitados que han pasado por programas de Compaz. ¡Acompáñanos en nuestra celebración!",Pilar Lopez Lopez,"El presidente  de la pagina,  cuanta falta le hace a nuestro  país. "
106,2020-12-10 17:31:18,467796374203062.0,"El próximo jueves 10 de diciembre se cumplen dos años de la creación de la Fundación Compaz y para conmemorar esta fecha llevaremos a cabo la Primera #CumbreCompaz, un espacio en el que participará nuestroMás fundador Juan Manuel Santos y la directora general Paula Gaviria, así como varios invitados que han pasado por programas de Compaz. ¡Acompáñanos en nuestra celebración!",Jorge Ardila Becaria,Él mejor presidente de colombia. Saludos
107,2020-12-10 17:31:18,467796374203062.0,"El próximo jueves 10 de diciembre se cumplen dos años de la creación de la Fundación Compaz y para conmemorar esta fecha llevaremos a cabo la Primera #CumbreCompaz, un espacio en el que participará nuestroMás fundador Juan Manuel Santos y la directora general Paula Gaviria, así como varios invitados que han pasado por programas de Compaz. ¡Acompáñanos en nuestra celebración!",Yalile Chaux,Procedo de paz . Lo mejor de este país. Creo en la paz
108,2020-12-10 17:31:18,467796374203062.0,"El próximo jueves 10 de diciembre se cumplen dos años de la creación de la Fundación Compaz y para conmemorar esta fecha llevaremos a cabo la Primera #CumbreCompaz, un espacio en el que participará nuestroMás fundador Juan Manuel Santos y la directora general Paula Gaviria, así como varios invitados que han pasado por programas de Compaz. ¡Acompáñanos en nuestra celebración!",Antonio Ceballos,Todos debemos apoyar la paz y no regresar jamás a un conflicto que no aporta
109,2020-12-10 17:31:18,467796374203062.0,"El próximo jueves 10 de diciembre se cumplen dos años de la creación de la Fundación Compaz y para conmemorar esta fecha llevaremos a cabo la Primera #CumbreCompaz, un espacio en el que participará nuestroMás fundador Juan Manuel Santos y la directora general Paula Gaviria, así como varios invitados que han pasado por programas de Compaz. ¡Acompáñanos en nuestra celebración!",Gustavo Restrepo,Ese Miguel Huertas debió ser enviado por el innombrable jefe del centro democrático.
110,2020-12-10 17:31:18,467796374203062.0,"El próximo jueves 10 de diciembre se cumplen dos años de la creación de la Fundación Compaz y para conmemorar esta fecha llevaremos a cabo la Primera #CumbreCompaz, un espacio en el que participará nuestroMás fundador Juan Manuel Santos y la directora general Paula Gaviria, así como varios invitados que han pasado por programas de Compaz. ¡Acompáñanos en nuestra celebración!",Miguel Contreras,Desde el tolima apoyamos La Paz y respaldamos al expresidente santos 
111,2020-12-10 17:31:18,467796374203062.0,"El próximo jueves 10 de diciembre se cumplen dos años de la creación de la Fundación Compaz y para conmemorar esta fecha llevaremos a cabo la Primera #CumbreCompaz, un espacio en el que participará nuestroMás fundador Juan Manuel Santos y la directora general Paula Gaviria, así como varios invitados que han pasado por programas de Compaz. ¡Acompáñanos en nuestra celebración!",Esther Ardila,"Gracias Presidente Santos por el trabajo de la Paz, por favor no la suelte de su mano🌸"
112,2020-12-10 17:31:18,467796374203062.0,"El próximo jueves 10 de diciembre se cumplen dos años de la creación de la Fundación Compaz y para conmemorar esta fecha llevaremos a cabo la Primera #CumbreCompaz, un espacio en el que participará nuestroMás fundador Juan Manuel Santos y la directora general Paula Gaviria, así como varios invitados que han pasado por programas de Compaz. ¡Acompáñanos en nuestra celebración!",Jorge Morales Acuña,M
113,2020-12-10 17:31:18,467796374203062.0,"El próximo jueves 10 de diciembre se cumplen dos años de la creación de la Fundación Compaz y para conmemorar esta fecha llevaremos a cabo la Primera #CumbreCompaz, un espacio en el que participará nuestroMás fundador Juan Manuel Santos y la directora general Paula Gaviria, así como varios invitados que han pasado por programas de Compaz. ¡Acompáñanos en nuestra celebración!",Jose Ignacio Giraldo Fuquene,Felicitaciones señor JUAN MANUEL SANTOS CALDERON POR SER PREMIO NOBEL DE PAZ COLOMBIA TE QUEREMOS
114,2020-12-10 17:31:18,467796374203062.0,"El próximo jueves 10 de diciembre se cumplen dos años de la creación de la Fundación Compaz y para conmemorar esta fecha llevaremos a cabo la Primera #CumbreCompaz, un espacio en el que participará nuestroMás fundador Juan Manuel Santos y la directora general Paula Gaviria, así como varios invitados que han pasado por programas de Compaz. ¡Acompáñanos en nuestra celebración!",Cristian Zamora,Gracias por ser caminantes por la paz. Colombia necesita creer y luchar por la paz.
115,2020-12-10 17:31:18,467796374203062.0,"El próximo jueves 10 de diciembre se cumplen dos años de la creación de la Fundación Compaz y para conmemorar esta fecha llevaremos a cabo la Primera #CumbreCompaz, un espacio en el que participará nuestroMás fundador Juan Manuel Santos y la directora general Paula Gaviria, así como varios invitados que han pasado por programas de Compaz. ¡Acompáñanos en nuestra celebración!",Jorge Carlos Peinado Ballesteros,"Apreciado doctor Santos. Gracias por su aporte a la paz. Desde Lorica, Córdoba."
116,2020-12-10 17:31:18,467796374203062.0,"El próximo jueves 10 de diciembre se cumplen dos años de la creación de la Fundación Compaz y para conmemorar esta fecha llevaremos a cabo la Primera #CumbreCompaz, un espacio en el que participará nuestroMás fundador Juan Manuel Santos y la directora general Paula Gaviria, así como varios invitados que han pasado por programas de Compaz. ¡Acompáñanos en nuestra celebración!",Julian Rivera,Buenas tardes Presidente. Gracias por todo su apoyo!!
117,2020-12-10 17:31:18,467796374203062.0,"El próximo jueves 10 de diciembre se cumplen dos años de la creación de la Fundación Compaz y para conmemorar esta fecha llevaremos a cabo la Primera #CumbreCompaz, un espacio en el que participará nuestroMás fundador Juan Manuel Santos y la directora general Paula Gaviria, así como varios invitados que han pasado por programas de Compaz. ¡Acompáñanos en nuestra celebración!",Carlos Vidal Gómez,"Mi estimada Dra. Paula Gaviria mis mas sinceros aprecios y respeto por su aporte a la Paz, me complace haber sido parte de su equipo de trabajo de la UARIV en La Guajira y los mejores deseos de éxito. al igual que nuestro presidente Juan Manuel Santos "
118,2020-12-10 17:31:18,467796374203062.0,"El próximo jueves 10 de diciembre se cumplen dos años de la creación de la Fundación Compaz y para conmemorar esta fecha llevaremos a cabo la Primera #CumbreCompaz, un espacio en el que participará nuestroMás fundador Juan Manuel Santos y la directora general Paula Gaviria, así como varios invitados que han pasado por programas de Compaz. ¡Acompáñanos en nuestra celebración!",Pedro Jaimes,"Bien a nuestro gran ex presidente principal gestor de la paz, Dios lo cuide "
119,2020-12-10 17:31:18,467796374203062.0,"El próximo jueves 10 de diciembre se cumplen dos años de la creación de la Fundación Compaz y para conmemorar esta fecha llevaremos a cabo la Primera #CumbreCompaz, un espacio en el que participará nuestroMás fundador Juan Manuel Santos y la directora general Paula Gaviria, así como varios invitados que han pasado por programas de Compaz. ¡Acompáñanos en nuestra celebración!",Agustina Perez,Sigue siendo el Presidente q dejo huellas
120,2020-12-10 17:31:18,467796374203062.0,"El próximo jueves 10 de diciembre se cumplen dos años de la creación de la Fundación Compaz y para conmemorar esta fecha llevaremos a cabo la Primera #CumbreCompaz, un espacio en el que participará nuestroMás fundador Juan Manuel Santos y la directora general Paula Gaviria, así como varios invitados que han pasado por programas de Compaz. ¡Acompáñanos en nuestra celebración!",Braulio Blanco Jimenez,Gran presidente y gran señor. Digno representante de Colombia  ante el mundo.  Bendiciones 
121,2020-12-10 17:31:18,467796374203062.0,"El próximo jueves 10 de diciembre se cumplen dos años de la creación de la Fundación Compaz y para conmemorar esta fecha llevaremos a cabo la Primera #CumbreCompaz, un espacio en el que participará nuestroMás fundador Juan Manuel Santos y la directora general Paula Gaviria, así como varios invitados que han pasado por programas de Compaz. ¡Acompáñanos en nuestra celebración!",Anibal DE Jesus Muñoz Araque,Gracias por tan excelente presentación por la Paz de Colombia
122,2020-12-10 17:31:18,467796374203062.0,"El próximo jueves 10 de diciembre se cumplen dos años de la creación de la Fundación Compaz y para conmemorar esta fecha llevaremos a cabo la Primera #CumbreCompaz, un espacio en el que participará nuestroMás fundador Juan Manuel Santos y la directora general Paula Gaviria, así como varios invitados que han pasado por programas de Compaz. ¡Acompáñanos en nuestra celebración!",Maria Eduarda Roa Espitia,Felicitaciones  por  este buen propósito 
123,2020-12-10 17:31:18,467796374203062.0,"El próximo jueves 10 de diciembre se cumplen dos años de la creación de la Fundación Compaz y para conmemorar esta fecha llevaremos a cabo la Primera #CumbreCompaz, un espacio en el que participará nuestroMás fundador Juan Manuel Santos y la directora general Paula Gaviria, así como varios invitados que han pasado por programas de Compaz. ¡Acompáñanos en nuestra celebración!",Miguel Contreras,Estoy con La Paz estoy con Santes 
124,2020-12-10 17:31:18,467796374203062.0,"El próximo jueves 10 de diciembre se cumplen dos años de la creación de la Fundación Compaz y para conmemorar esta fecha llevaremos a cabo la Primera #CumbreCompaz, un espacio en el que participará nuestroMás fundador Juan Manuel Santos y la directora general Paula Gaviria, así como varios invitados que han pasado por programas de Compaz. ¡Acompáñanos en nuestra celebración!",Luis Aparicio,El único presidente que les dió trabajo a la guerrilla......en puestos importantes....
125,2020-12-10 17:31:18,467796374203062.0,"El próximo jueves 10 de diciembre se cumplen dos años de la creación de la Fundación Compaz y para conmemorar esta fecha llevaremos a cabo la Primera #CumbreCompaz, un espacio en el que participará nuestroMás fundador Juan Manuel Santos y la directora general Paula Gaviria, así como varios invitados que han pasado por programas de Compaz. ¡Acompáñanos en nuestra celebración!",Albey Alfonso Reyes,Necesitamos consolidar la paz.
126,2020-12-10 17:31:18,467796374203062.0,"El próximo jueves 10 de diciembre se cumplen dos años de la creación de la Fundación Compaz y para conmemorar esta fecha llevaremos a cabo la Primera #CumbreCompaz, un espacio en el que participará nuestroMás fundador Juan Manuel Santos y la directora general Paula Gaviria, así como varios invitados que han pasado por programas de Compaz. ¡Acompáñanos en nuestra celebración!",Maria Rosario Herrera,El mejor presidente de Colombia
127,2020-12-10 17:31:18,467796374203062.0,"El próximo jueves 10 de diciembre se cumplen dos años de la creación de la Fundación Compaz y para conmemorar esta fecha llevaremos a cabo la Primera #CumbreCompaz, un espacio en el que participará nuestroMás fundador Juan Manuel Santos y la directora general Paula Gaviria, así como varios invitados que han pasado por programas de Compaz. ¡Acompáñanos en nuestra celebración!",Maria Del Pilar Garzon,Así se construye La Paz con herramientas......Felicitaciones 
128,2020-12-10 17:31:18,467796374203062.0,"El próximo jueves 10 de diciembre se cumplen dos años de la creación de la Fundación Compaz y para conmemorar esta fecha llevaremos a cabo la Primera #CumbreCompaz, un espacio en el que participará nuestroMás fundador Juan Manuel Santos y la directora general Paula Gaviria, así como varios invitados que han pasado por programas de Compaz. ¡Acompáñanos en nuestra celebración!",Edinson Restrepo Florez,Felicitaciones Dr. Santos!!!!! 
129,2020-12-10 17:31:18,467796374203062.0,"El próximo jueves 10 de diciembre se cumplen dos años de la creación de la Fundación Compaz y para conmemorar esta fecha llevaremos a cabo la Primera #CumbreCompaz, un espacio en el que participará nuestroMás fundador Juan Manuel Santos y la directora general Paula Gaviria, así como varios invitados que han pasado por programas de Compaz. ¡Acompáñanos en nuestra celebración!",Olga Lucia Valbuena,"El mejor Presidente, Dios lo guarde .."
