,post_id,text,post_text,shared_text,time,image,video,video_thumbnail,video_id,likes,comments,shares,post_url,link,user_id,username,is_live,factcheck,shared_post_id,shared_time,shared_user_id,shared_username,shared_post_url,available,images,reactions,w3_fb_url,fetched_time
0,345483912301961,"Este fue un pequeño compartir en la casa de mis suegros el dia 29 de diciembre, con un grupo de amigos que apoyan el proyecto ""Gobernar es Educar"", con el fin de darles a conocer los avances logrados en loMás corrido del año 2014, esperamos iniciar este 2015 con mucha voluntad, fuerza y por supuesto cerrarlo con la victoria.
Jair Esteban Beltran Hinojosa nacido, criado y servidor de Puerto Carreño.","Este fue un pequeño compartir en la casa de mis suegros el dia 29 de diciembre, con un grupo de amigos que apoyan el proyecto ""Gobernar es Educar"", con el fin de darles a conocer los avances logrados en loMás corrido del año 2014, esperamos iniciar este 2015 con mucha voluntad, fuerza y por supuesto cerrarlo con la victoria.
Jair Esteban Beltran Hinojosa nacido, criado y servidor de Puerto Carreño.",,2015-01-04 14:53:03,,,,,15,0,0,https://facebook.com/Jair-Esteban-Beltran-Hinojosa-344509085732777/posts/345483912301961,,344509085732777,Jair Esteban Beltran Hinojosa,False,,,,,,,True,[],void_error,void_error,void_error
1,344519119065107,,,,2015-01-02 17:24:15,,,,,19,1,0,https://facebook.com/Jair-Esteban-Beltran-Hinojosa-344509085732777/posts/344519119065107,,344509085732777,Jair Esteban Beltran Hinojosa,False,,,,,,,True,[],void_error,void_error,void_error
2,344512382399114,,,,2015-01-02 16:45:09,,,,,23,6,0,https://facebook.com/Jair-Esteban-Beltran-Hinojosa-344509085732777/posts/344512382399114,,344509085732777,Jair Esteban Beltran Hinojosa,False,,,,,,,True,[],void_error,void_error,void_error
